,x,y,r,g,b,rgb,hex
0,0,1,255,0,0,"(255, 0, 0)",#ff0000
1,1,1,255,1,0,"(255, 1, 0)",#ff0100
2,2,1,255,2,0,"(255, 2, 0)",#ff0200
3,3,1,255,3,0,"(255, 3, 0)",#ff0300
4,4,1,255,4,0,"(255, 4, 0)",#ff0400
5,5,1,255,5,0,"(255, 5, 0)",#ff0500
6,6,1,255,6,0,"(255, 6, 0)",#ff0600
7,7,1,255,7,0,"(255, 7, 0)",#ff0700
8,8,1,255,8,0,"(255, 8, 0)",#ff0800
9,9,1,255,9,0,"(255, 9, 0)",#ff0900
10,10,1,255,10,0,"(255, 10, 0)",#ff0a00
11,11,1,255,11,0,"(255, 11, 0)",#ff0b00
12,12,1,255,12,0,"(255, 12, 0)",#ff0c00
13,13,1,255,13,0,"(255, 13, 0)",#ff0d00
14,14,1,255,14,0,"(255, 14, 0)",#ff0e00
15,15,1,255,15,0,"(255, 15, 0)",#ff0f00
16,16,1,255,16,0,"(255, 16, 0)",#ff1000
17,17,1,255,17,0,"(255, 17, 0)",#ff1100
18,18,1,255,18,0,"(255, 18, 0)",#ff1200
19,19,1,255,19,0,"(255, 19, 0)",#ff1300
20,20,1,255,20,0,"(255, 20, 0)",#ff1400
21,21,1,255,21,0,"(255, 21, 0)",#ff1500
22,22,1,255,22,0,"(255, 22, 0)",#ff1600
23,23,1,255,23,0,"(255, 23, 0)",#ff1700
24,24,1,255,24,0,"(255, 24, 0)",#ff1800
25,25,1,255,25,0,"(255, 25, 0)",#ff1900
26,26,1,255,26,0,"(255, 26, 0)",#ff1a00
27,27,1,255,27,0,"(255, 27, 0)",#ff1b00
28,28,1,255,28,0,"(255, 28, 0)",#ff1c00
29,29,1,255,29,0,"(255, 29, 0)",#ff1d00
30,30,1,255,30,0,"(255, 30, 0)",#ff1e00
31,31,1,255,31,0,"(255, 31, 0)",#ff1f00
32,32,1,255,32,0,"(255, 32, 0)",#ff2000
33,33,1,255,33,0,"(255, 33, 0)",#ff2100
34,34,1,255,34,0,"(255, 34, 0)",#ff2200
35,35,1,255,35,0,"(255, 35, 0)",#ff2300
36,36,1,255,36,0,"(255, 36, 0)",#ff2400
37,37,1,255,37,0,"(255, 37, 0)",#ff2500
38,38,1,255,38,0,"(255, 38, 0)",#ff2600
39,39,1,255,39,0,"(255, 39, 0)",#ff2700
40,40,1,255,40,0,"(255, 40, 0)",#ff2800
41,41,1,255,41,0,"(255, 41, 0)",#ff2900
42,42,1,255,42,0,"(255, 42, 0)",#ff2a00
43,43,1,255,43,0,"(255, 43, 0)",#ff2b00
44,44,1,255,44,0,"(255, 44, 0)",#ff2c00
45,45,1,255,45,0,"(255, 45, 0)",#ff2d00
46,46,1,255,46,0,"(255, 46, 0)",#ff2e00
47,47,1,255,47,0,"(255, 47, 0)",#ff2f00
48,48,1,255,48,0,"(255, 48, 0)",#ff3000
49,49,1,255,49,0,"(255, 49, 0)",#ff3100
50,50,1,255,50,0,"(255, 50, 0)",#ff3200
51,51,1,255,51,0,"(255, 51, 0)",#ff3300
52,52,1,255,52,0,"(255, 52, 0)",#ff3400
53,53,1,255,53,0,"(255, 53, 0)",#ff3500
54,54,1,255,54,0,"(255, 54, 0)",#ff3600
55,55,1,255,55,0,"(255, 55, 0)",#ff3700
56,56,1,255,56,0,"(255, 56, 0)",#ff3800
57,57,1,255,57,0,"(255, 57, 0)",#ff3900
58,58,1,255,58,0,"(255, 58, 0)",#ff3a00
59,59,1,255,59,0,"(255, 59, 0)",#ff3b00
60,60,1,255,60,0,"(255, 60, 0)",#ff3c00
61,61,1,255,61,0,"(255, 61, 0)",#ff3d00
62,62,1,255,62,0,"(255, 62, 0)",#ff3e00
63,63,1,255,63,0,"(255, 63, 0)",#ff3f00
64,64,1,255,64,0,"(255, 64, 0)",#ff4000
65,65,1,255,65,0,"(255, 65, 0)",#ff4100
66,66,1,255,66,0,"(255, 66, 0)",#ff4200
67,67,1,255,67,0,"(255, 67, 0)",#ff4300
68,68,1,255,68,0,"(255, 68, 0)",#ff4400
69,69,1,255,69,0,"(255, 69, 0)",#ff4500
70,70,1,255,70,0,"(255, 70, 0)",#ff4600
71,71,1,255,71,0,"(255, 71, 0)",#ff4700
72,72,1,255,72,0,"(255, 72, 0)",#ff4800
73,73,1,255,73,0,"(255, 73, 0)",#ff4900
74,74,1,255,74,0,"(255, 74, 0)",#ff4a00
75,75,1,255,75,0,"(255, 75, 0)",#ff4b00
76,76,1,255,76,0,"(255, 76, 0)",#ff4c00
77,77,1,255,77,0,"(255, 77, 0)",#ff4d00
78,78,1,255,78,0,"(255, 78, 0)",#ff4e00
79,79,1,255,79,0,"(255, 79, 0)",#ff4f00
80,80,1,255,80,0,"(255, 80, 0)",#ff5000
81,81,1,255,81,0,"(255, 81, 0)",#ff5100
82,82,1,255,82,0,"(255, 82, 0)",#ff5200
83,83,1,255,83,0,"(255, 83, 0)",#ff5300
84,84,1,255,84,0,"(255, 84, 0)",#ff5400
85,85,1,255,85,0,"(255, 85, 0)",#ff5500
86,86,1,255,86,0,"(255, 86, 0)",#ff5600
87,87,1,255,87,0,"(255, 87, 0)",#ff5700
88,88,1,255,88,0,"(255, 88, 0)",#ff5800
89,89,1,255,89,0,"(255, 89, 0)",#ff5900
90,90,1,255,90,0,"(255, 90, 0)",#ff5a00
91,91,1,255,91,0,"(255, 91, 0)",#ff5b00
92,92,1,255,92,0,"(255, 92, 0)",#ff5c00
93,93,1,255,93,0,"(255, 93, 0)",#ff5d00
94,94,1,255,94,0,"(255, 94, 0)",#ff5e00
95,95,1,255,95,0,"(255, 95, 0)",#ff5f00
96,96,1,255,96,0,"(255, 96, 0)",#ff6000
97,97,1,255,97,0,"(255, 97, 0)",#ff6100
98,98,1,255,98,0,"(255, 98, 0)",#ff6200
99,99,1,255,99,0,"(255, 99, 0)",#ff6300
100,100,1,255,100,0,"(255, 100, 0)",#ff6400
101,101,1,255,101,0,"(255, 101, 0)",#ff6500
102,102,1,255,102,0,"(255, 102, 0)",#ff6600
103,103,1,255,103,0,"(255, 103, 0)",#ff6700
104,104,1,255,104,0,"(255, 104, 0)",#ff6800
105,105,1,255,105,0,"(255, 105, 0)",#ff6900
106,106,1,255,106,0,"(255, 106, 0)",#ff6a00
107,107,1,255,107,0,"(255, 107, 0)",#ff6b00
108,108,1,255,108,0,"(255, 108, 0)",#ff6c00
109,109,1,255,109,0,"(255, 109, 0)",#ff6d00
110,110,1,255,110,0,"(255, 110, 0)",#ff6e00
111,111,1,255,111,0,"(255, 111, 0)",#ff6f00
112,112,1,255,112,0,"(255, 112, 0)",#ff7000
113,113,1,255,113,0,"(255, 113, 0)",#ff7100
114,114,1,255,114,0,"(255, 114, 0)",#ff7200
115,115,1,255,115,0,"(255, 115, 0)",#ff7300
116,116,1,255,116,0,"(255, 116, 0)",#ff7400
117,117,1,255,117,0,"(255, 117, 0)",#ff7500
118,118,1,255,118,0,"(255, 118, 0)",#ff7600
119,119,1,255,119,0,"(255, 119, 0)",#ff7700
120,120,1,255,120,0,"(255, 120, 0)",#ff7800
121,121,1,255,121,0,"(255, 121, 0)",#ff7900
122,122,1,255,122,0,"(255, 122, 0)",#ff7a00
123,123,1,255,123,0,"(255, 123, 0)",#ff7b00
124,124,1,255,124,0,"(255, 124, 0)",#ff7c00
125,125,1,255,125,0,"(255, 125, 0)",#ff7d00
126,126,1,255,126,0,"(255, 126, 0)",#ff7e00
127,127,1,255,127,0,"(255, 127, 0)",#ff7f00
128,128,1,255,128,0,"(255, 128, 0)",#ff8000
129,129,1,255,129,0,"(255, 129, 0)",#ff8100
130,130,1,255,130,0,"(255, 130, 0)",#ff8200
131,131,1,255,131,0,"(255, 131, 0)",#ff8300
132,132,1,255,132,0,"(255, 132, 0)",#ff8400
133,133,1,255,133,0,"(255, 133, 0)",#ff8500
134,134,1,255,134,0,"(255, 134, 0)",#ff8600
135,135,1,255,135,0,"(255, 135, 0)",#ff8700
136,136,1,255,136,0,"(255, 136, 0)",#ff8800
137,137,1,255,137,0,"(255, 137, 0)",#ff8900
138,138,1,255,138,0,"(255, 138, 0)",#ff8a00
139,139,1,255,139,0,"(255, 139, 0)",#ff8b00
140,140,1,255,140,0,"(255, 140, 0)",#ff8c00
141,141,1,255,141,0,"(255, 141, 0)",#ff8d00
142,142,1,255,142,0,"(255, 142, 0)",#ff8e00
143,143,1,255,143,0,"(255, 143, 0)",#ff8f00
144,144,1,255,144,0,"(255, 144, 0)",#ff9000
145,145,1,255,145,0,"(255, 145, 0)",#ff9100
146,146,1,255,146,0,"(255, 146, 0)",#ff9200
147,147,1,255,147,0,"(255, 147, 0)",#ff9300
148,148,1,255,148,0,"(255, 148, 0)",#ff9400
149,149,1,255,149,0,"(255, 149, 0)",#ff9500
150,150,1,255,150,0,"(255, 150, 0)",#ff9600
151,151,1,255,151,0,"(255, 151, 0)",#ff9700
152,152,1,255,152,0,"(255, 152, 0)",#ff9800
153,153,1,255,153,0,"(255, 153, 0)",#ff9900
154,154,1,255,154,0,"(255, 154, 0)",#ff9a00
155,155,1,255,155,0,"(255, 155, 0)",#ff9b00
156,156,1,255,156,0,"(255, 156, 0)",#ff9c00
157,157,1,255,157,0,"(255, 157, 0)",#ff9d00
158,158,1,255,158,0,"(255, 158, 0)",#ff9e00
159,159,1,255,159,0,"(255, 159, 0)",#ff9f00
160,160,1,255,160,0,"(255, 160, 0)",#ffa000
161,161,1,255,161,0,"(255, 161, 0)",#ffa100
162,162,1,255,162,0,"(255, 162, 0)",#ffa200
163,163,1,255,163,0,"(255, 163, 0)",#ffa300
164,164,1,255,164,0,"(255, 164, 0)",#ffa400
165,165,1,255,165,0,"(255, 165, 0)",#ffa500
166,166,1,255,166,0,"(255, 166, 0)",#ffa600
167,167,1,255,167,0,"(255, 167, 0)",#ffa700
168,168,1,255,168,0,"(255, 168, 0)",#ffa800
169,169,1,255,169,0,"(255, 169, 0)",#ffa900
170,170,1,255,170,0,"(255, 170, 0)",#ffaa00
171,171,1,255,171,0,"(255, 171, 0)",#ffab00
172,172,1,255,172,0,"(255, 172, 0)",#ffac00
173,173,1,255,173,0,"(255, 173, 0)",#ffad00
174,174,1,255,174,0,"(255, 174, 0)",#ffae00
175,175,1,255,175,0,"(255, 175, 0)",#ffaf00
176,176,1,255,176,0,"(255, 176, 0)",#ffb000
177,177,1,255,177,0,"(255, 177, 0)",#ffb100
178,178,1,255,178,0,"(255, 178, 0)",#ffb200
179,179,1,255,179,0,"(255, 179, 0)",#ffb300
180,180,1,255,180,0,"(255, 180, 0)",#ffb400
181,181,1,255,181,0,"(255, 181, 0)",#ffb500
182,182,1,255,182,0,"(255, 182, 0)",#ffb600
183,183,1,255,183,0,"(255, 183, 0)",#ffb700
184,184,1,255,184,0,"(255, 184, 0)",#ffb800
185,185,1,255,185,0,"(255, 185, 0)",#ffb900
186,186,1,255,186,0,"(255, 186, 0)",#ffba00
187,187,1,255,187,0,"(255, 187, 0)",#ffbb00
188,188,1,255,188,0,"(255, 188, 0)",#ffbc00
189,189,1,255,189,0,"(255, 189, 0)",#ffbd00
190,190,1,255,190,0,"(255, 190, 0)",#ffbe00
191,191,1,255,191,0,"(255, 191, 0)",#ffbf00
192,192,1,255,192,0,"(255, 192, 0)",#ffc000
193,193,1,255,193,0,"(255, 193, 0)",#ffc100
194,194,1,255,194,0,"(255, 194, 0)",#ffc200
195,195,1,255,195,0,"(255, 195, 0)",#ffc300
196,196,1,255,196,0,"(255, 196, 0)",#ffc400
197,197,1,255,197,0,"(255, 197, 0)",#ffc500
198,198,1,255,198,0,"(255, 198, 0)",#ffc600
199,199,1,255,199,0,"(255, 199, 0)",#ffc700
200,200,1,255,200,0,"(255, 200, 0)",#ffc800
201,201,1,255,201,0,"(255, 201, 0)",#ffc900
202,202,1,255,202,0,"(255, 202, 0)",#ffca00
203,203,1,255,203,0,"(255, 203, 0)",#ffcb00
204,204,1,255,204,0,"(255, 204, 0)",#ffcc00
205,205,1,255,205,0,"(255, 205, 0)",#ffcd00
206,206,1,255,206,0,"(255, 206, 0)",#ffce00
207,207,1,255,207,0,"(255, 207, 0)",#ffcf00
208,208,1,255,208,0,"(255, 208, 0)",#ffd000
209,209,1,255,209,0,"(255, 209, 0)",#ffd100
210,210,1,255,210,0,"(255, 210, 0)",#ffd200
211,211,1,255,211,0,"(255, 211, 0)",#ffd300
212,212,1,255,212,0,"(255, 212, 0)",#ffd400
213,213,1,255,213,0,"(255, 213, 0)",#ffd500
214,214,1,255,214,0,"(255, 214, 0)",#ffd600
215,215,1,255,215,0,"(255, 215, 0)",#ffd700
216,216,1,255,216,0,"(255, 216, 0)",#ffd800
217,217,1,255,217,0,"(255, 217, 0)",#ffd900
218,218,1,255,218,0,"(255, 218, 0)",#ffda00
219,219,1,255,219,0,"(255, 219, 0)",#ffdb00
220,220,1,255,220,0,"(255, 220, 0)",#ffdc00
221,221,1,255,221,0,"(255, 221, 0)",#ffdd00
222,222,1,255,222,0,"(255, 222, 0)",#ffde00
223,223,1,255,223,0,"(255, 223, 0)",#ffdf00
224,224,1,255,224,0,"(255, 224, 0)",#ffe000
225,225,1,255,225,0,"(255, 225, 0)",#ffe100
226,226,1,255,226,0,"(255, 226, 0)",#ffe200
227,227,1,255,227,0,"(255, 227, 0)",#ffe300
228,228,1,255,228,0,"(255, 228, 0)",#ffe400
229,229,1,255,229,0,"(255, 229, 0)",#ffe500
230,230,1,255,230,0,"(255, 230, 0)",#ffe600
231,231,1,255,231,0,"(255, 231, 0)",#ffe700
232,232,1,255,232,0,"(255, 232, 0)",#ffe800
233,233,1,255,233,0,"(255, 233, 0)",#ffe900
234,234,1,255,234,0,"(255, 234, 0)",#ffea00
235,235,1,255,235,0,"(255, 235, 0)",#ffeb00
236,236,1,255,236,0,"(255, 236, 0)",#ffec00
237,237,1,255,237,0,"(255, 237, 0)",#ffed00
238,238,1,255,238,0,"(255, 238, 0)",#ffee00
239,239,1,255,239,0,"(255, 239, 0)",#ffef00
240,240,1,255,240,0,"(255, 240, 0)",#fff000
241,241,1,255,241,0,"(255, 241, 0)",#fff100
242,242,1,255,242,0,"(255, 242, 0)",#fff200
243,243,1,255,243,0,"(255, 243, 0)",#fff300
244,244,1,255,244,0,"(255, 244, 0)",#fff400
245,245,1,255,245,0,"(255, 245, 0)",#fff500
246,246,1,255,246,0,"(255, 246, 0)",#fff600
247,247,1,255,247,0,"(255, 247, 0)",#fff700
248,248,1,255,248,0,"(255, 248, 0)",#fff800
249,249,1,255,249,0,"(255, 249, 0)",#fff900
250,250,1,255,250,0,"(255, 250, 0)",#fffa00
251,251,1,255,251,0,"(255, 251, 0)",#fffb00
252,252,1,255,252,0,"(255, 252, 0)",#fffc00
253,253,1,255,253,0,"(255, 253, 0)",#fffd00
254,254,1,255,254,0,"(255, 254, 0)",#fffe00
255,255,1,255,255,0,"(255, 255, 0)",#ffff00
256,256,1,254,255,0,"(254, 255, 0)",#feff00
257,257,1,253,255,0,"(253, 255, 0)",#fdff00
258,258,1,252,255,0,"(252, 255, 0)",#fcff00
259,259,1,251,255,0,"(251, 255, 0)",#fbff00
260,260,1,250,255,0,"(250, 255, 0)",#faff00
261,261,1,249,255,0,"(249, 255, 0)",#f9ff00
262,262,1,248,255,0,"(248, 255, 0)",#f8ff00
263,263,1,247,255,0,"(247, 255, 0)",#f7ff00
264,264,1,246,255,0,"(246, 255, 0)",#f6ff00
265,265,1,245,255,0,"(245, 255, 0)",#f5ff00
266,266,1,244,255,0,"(244, 255, 0)",#f4ff00
267,267,1,243,255,0,"(243, 255, 0)",#f3ff00
268,268,1,242,255,0,"(242, 255, 0)",#f2ff00
269,269,1,241,255,0,"(241, 255, 0)",#f1ff00
270,270,1,240,255,0,"(240, 255, 0)",#f0ff00
271,271,1,239,255,0,"(239, 255, 0)",#efff00
272,272,1,238,255,0,"(238, 255, 0)",#eeff00
273,273,1,237,255,0,"(237, 255, 0)",#edff00
274,274,1,236,255,0,"(236, 255, 0)",#ecff00
275,275,1,235,255,0,"(235, 255, 0)",#ebff00
276,276,1,234,255,0,"(234, 255, 0)",#eaff00
277,277,1,233,255,0,"(233, 255, 0)",#e9ff00
278,278,1,232,255,0,"(232, 255, 0)",#e8ff00
279,279,1,231,255,0,"(231, 255, 0)",#e7ff00
280,280,1,230,255,0,"(230, 255, 0)",#e6ff00
281,281,1,229,255,0,"(229, 255, 0)",#e5ff00
282,282,1,228,255,0,"(228, 255, 0)",#e4ff00
283,283,1,227,255,0,"(227, 255, 0)",#e3ff00
284,284,1,226,255,0,"(226, 255, 0)",#e2ff00
285,285,1,225,255,0,"(225, 255, 0)",#e1ff00
286,286,1,224,255,0,"(224, 255, 0)",#e0ff00
287,287,1,223,255,0,"(223, 255, 0)",#dfff00
288,288,1,222,255,0,"(222, 255, 0)",#deff00
289,289,1,221,255,0,"(221, 255, 0)",#ddff00
290,290,1,220,255,0,"(220, 255, 0)",#dcff00
291,291,1,219,255,0,"(219, 255, 0)",#dbff00
292,292,1,218,255,0,"(218, 255, 0)",#daff00
293,293,1,217,255,0,"(217, 255, 0)",#d9ff00
294,294,1,216,255,0,"(216, 255, 0)",#d8ff00
295,295,1,215,255,0,"(215, 255, 0)",#d7ff00
296,296,1,214,255,0,"(214, 255, 0)",#d6ff00
297,297,1,213,255,0,"(213, 255, 0)",#d5ff00
298,298,1,212,255,0,"(212, 255, 0)",#d4ff00
299,299,1,211,255,0,"(211, 255, 0)",#d3ff00
300,300,1,210,255,0,"(210, 255, 0)",#d2ff00
301,301,1,209,255,0,"(209, 255, 0)",#d1ff00
302,302,1,208,255,0,"(208, 255, 0)",#d0ff00
303,303,1,207,255,0,"(207, 255, 0)",#cfff00
304,304,1,206,255,0,"(206, 255, 0)",#ceff00
305,305,1,205,255,0,"(205, 255, 0)",#cdff00
306,306,1,204,255,0,"(204, 255, 0)",#ccff00
307,307,1,203,255,0,"(203, 255, 0)",#cbff00
308,308,1,202,255,0,"(202, 255, 0)",#caff00
309,309,1,201,255,0,"(201, 255, 0)",#c9ff00
310,310,1,200,255,0,"(200, 255, 0)",#c8ff00
311,311,1,199,255,0,"(199, 255, 0)",#c7ff00
312,312,1,198,255,0,"(198, 255, 0)",#c6ff00
313,313,1,197,255,0,"(197, 255, 0)",#c5ff00
314,314,1,196,255,0,"(196, 255, 0)",#c4ff00
315,315,1,195,255,0,"(195, 255, 0)",#c3ff00
316,316,1,194,255,0,"(194, 255, 0)",#c2ff00
317,317,1,193,255,0,"(193, 255, 0)",#c1ff00
318,318,1,192,255,0,"(192, 255, 0)",#c0ff00
319,319,1,191,255,0,"(191, 255, 0)",#bfff00
320,320,1,190,255,0,"(190, 255, 0)",#beff00
321,321,1,189,255,0,"(189, 255, 0)",#bdff00
322,322,1,188,255,0,"(188, 255, 0)",#bcff00
323,323,1,187,255,0,"(187, 255, 0)",#bbff00
324,324,1,186,255,0,"(186, 255, 0)",#baff00
325,325,1,185,255,0,"(185, 255, 0)",#b9ff00
326,326,1,184,255,0,"(184, 255, 0)",#b8ff00
327,327,1,183,255,0,"(183, 255, 0)",#b7ff00
328,328,1,182,255,0,"(182, 255, 0)",#b6ff00
329,329,1,181,255,0,"(181, 255, 0)",#b5ff00
330,330,1,180,255,0,"(180, 255, 0)",#b4ff00
331,331,1,179,255,0,"(179, 255, 0)",#b3ff00
332,332,1,178,255,0,"(178, 255, 0)",#b2ff00
333,333,1,177,255,0,"(177, 255, 0)",#b1ff00
334,334,1,176,255,0,"(176, 255, 0)",#b0ff00
335,335,1,175,255,0,"(175, 255, 0)",#afff00
336,336,1,174,255,0,"(174, 255, 0)",#aeff00
337,337,1,173,255,0,"(173, 255, 0)",#adff00
338,338,1,172,255,0,"(172, 255, 0)",#acff00
339,339,1,171,255,0,"(171, 255, 0)",#abff00
340,340,1,170,255,0,"(170, 255, 0)",#aaff00
341,341,1,169,255,0,"(169, 255, 0)",#a9ff00
342,342,1,168,255,0,"(168, 255, 0)",#a8ff00
343,343,1,167,255,0,"(167, 255, 0)",#a7ff00
344,344,1,166,255,0,"(166, 255, 0)",#a6ff00
345,345,1,165,255,0,"(165, 255, 0)",#a5ff00
346,346,1,164,255,0,"(164, 255, 0)",#a4ff00
347,347,1,163,255,0,"(163, 255, 0)",#a3ff00
348,348,1,162,255,0,"(162, 255, 0)",#a2ff00
349,349,1,161,255,0,"(161, 255, 0)",#a1ff00
350,350,1,160,255,0,"(160, 255, 0)",#a0ff00
351,351,1,159,255,0,"(159, 255, 0)",#9fff00
352,352,1,158,255,0,"(158, 255, 0)",#9eff00
353,353,1,157,255,0,"(157, 255, 0)",#9dff00
354,354,1,156,255,0,"(156, 255, 0)",#9cff00
355,355,1,155,255,0,"(155, 255, 0)",#9bff00
356,356,1,154,255,0,"(154, 255, 0)",#9aff00
357,357,1,153,255,0,"(153, 255, 0)",#99ff00
358,358,1,152,255,0,"(152, 255, 0)",#98ff00
359,359,1,151,255,0,"(151, 255, 0)",#97ff00
360,360,1,150,255,0,"(150, 255, 0)",#96ff00
361,361,1,149,255,0,"(149, 255, 0)",#95ff00
362,362,1,148,255,0,"(148, 255, 0)",#94ff00
363,363,1,147,255,0,"(147, 255, 0)",#93ff00
364,364,1,146,255,0,"(146, 255, 0)",#92ff00
365,365,1,145,255,0,"(145, 255, 0)",#91ff00
366,366,1,144,255,0,"(144, 255, 0)",#90ff00
367,367,1,143,255,0,"(143, 255, 0)",#8fff00
368,368,1,142,255,0,"(142, 255, 0)",#8eff00
369,369,1,141,255,0,"(141, 255, 0)",#8dff00
370,370,1,140,255,0,"(140, 255, 0)",#8cff00
371,371,1,139,255,0,"(139, 255, 0)",#8bff00
372,372,1,138,255,0,"(138, 255, 0)",#8aff00
373,373,1,137,255,0,"(137, 255, 0)",#89ff00
374,374,1,136,255,0,"(136, 255, 0)",#88ff00
375,375,1,135,255,0,"(135, 255, 0)",#87ff00
376,376,1,134,255,0,"(134, 255, 0)",#86ff00
377,377,1,133,255,0,"(133, 255, 0)",#85ff00
378,378,1,132,255,0,"(132, 255, 0)",#84ff00
379,379,1,131,255,0,"(131, 255, 0)",#83ff00
380,380,1,130,255,0,"(130, 255, 0)",#82ff00
381,381,1,129,255,0,"(129, 255, 0)",#81ff00
382,382,1,128,255,0,"(128, 255, 0)",#80ff00
383,383,1,127,255,0,"(127, 255, 0)",#7fff00
384,384,1,126,255,0,"(126, 255, 0)",#7eff00
385,385,1,125,255,0,"(125, 255, 0)",#7dff00
386,386,1,124,255,0,"(124, 255, 0)",#7cff00
387,387,1,123,255,0,"(123, 255, 0)",#7bff00
388,388,1,122,255,0,"(122, 255, 0)",#7aff00
389,389,1,121,255,0,"(121, 255, 0)",#79ff00
390,390,1,120,255,0,"(120, 255, 0)",#78ff00
391,391,1,119,255,0,"(119, 255, 0)",#77ff00
392,392,1,118,255,0,"(118, 255, 0)",#76ff00
393,393,1,117,255,0,"(117, 255, 0)",#75ff00
394,394,1,116,255,0,"(116, 255, 0)",#74ff00
395,395,1,115,255,0,"(115, 255, 0)",#73ff00
396,396,1,114,255,0,"(114, 255, 0)",#72ff00
397,397,1,113,255,0,"(113, 255, 0)",#71ff00
398,398,1,112,255,0,"(112, 255, 0)",#70ff00
399,399,1,111,255,0,"(111, 255, 0)",#6fff00
400,400,1,110,255,0,"(110, 255, 0)",#6eff00
401,401,1,109,255,0,"(109, 255, 0)",#6dff00
402,402,1,108,255,0,"(108, 255, 0)",#6cff00
403,403,1,107,255,0,"(107, 255, 0)",#6bff00
404,404,1,106,255,0,"(106, 255, 0)",#6aff00
405,405,1,105,255,0,"(105, 255, 0)",#69ff00
406,406,1,104,255,0,"(104, 255, 0)",#68ff00
407,407,1,103,255,0,"(103, 255, 0)",#67ff00
408,408,1,102,255,0,"(102, 255, 0)",#66ff00
409,409,1,101,255,0,"(101, 255, 0)",#65ff00
410,410,1,100,255,0,"(100, 255, 0)",#64ff00
411,411,1,99,255,0,"(99, 255, 0)",#63ff00
412,412,1,98,255,0,"(98, 255, 0)",#62ff00
413,413,1,97,255,0,"(97, 255, 0)",#61ff00
414,414,1,96,255,0,"(96, 255, 0)",#60ff00
415,415,1,95,255,0,"(95, 255, 0)",#5fff00
416,416,1,94,255,0,"(94, 255, 0)",#5eff00
417,417,1,93,255,0,"(93, 255, 0)",#5dff00
418,418,1,92,255,0,"(92, 255, 0)",#5cff00
419,419,1,91,255,0,"(91, 255, 0)",#5bff00
420,420,1,90,255,0,"(90, 255, 0)",#5aff00
421,421,1,89,255,0,"(89, 255, 0)",#59ff00
422,422,1,88,255,0,"(88, 255, 0)",#58ff00
423,423,1,87,255,0,"(87, 255, 0)",#57ff00
424,424,1,86,255,0,"(86, 255, 0)",#56ff00
425,425,1,85,255,0,"(85, 255, 0)",#55ff00
426,426,1,84,255,0,"(84, 255, 0)",#54ff00
427,427,1,83,255,0,"(83, 255, 0)",#53ff00
428,428,1,82,255,0,"(82, 255, 0)",#52ff00
429,429,1,81,255,0,"(81, 255, 0)",#51ff00
430,430,1,80,255,0,"(80, 255, 0)",#50ff00
431,431,1,79,255,0,"(79, 255, 0)",#4fff00
432,432,1,78,255,0,"(78, 255, 0)",#4eff00
433,433,1,77,255,0,"(77, 255, 0)",#4dff00
434,434,1,76,255,0,"(76, 255, 0)",#4cff00
435,435,1,75,255,0,"(75, 255, 0)",#4bff00
436,436,1,74,255,0,"(74, 255, 0)",#4aff00
437,437,1,73,255,0,"(73, 255, 0)",#49ff00
438,438,1,72,255,0,"(72, 255, 0)",#48ff00
439,439,1,71,255,0,"(71, 255, 0)",#47ff00
440,440,1,70,255,0,"(70, 255, 0)",#46ff00
441,441,1,69,255,0,"(69, 255, 0)",#45ff00
442,442,1,68,255,0,"(68, 255, 0)",#44ff00
443,443,1,67,255,0,"(67, 255, 0)",#43ff00
444,444,1,66,255,0,"(66, 255, 0)",#42ff00
445,445,1,65,255,0,"(65, 255, 0)",#41ff00
446,446,1,64,255,0,"(64, 255, 0)",#40ff00
447,447,1,63,255,0,"(63, 255, 0)",#3fff00
448,448,1,62,255,0,"(62, 255, 0)",#3eff00
449,449,1,61,255,0,"(61, 255, 0)",#3dff00
450,450,1,60,255,0,"(60, 255, 0)",#3cff00
451,451,1,59,255,0,"(59, 255, 0)",#3bff00
452,452,1,58,255,0,"(58, 255, 0)",#3aff00
453,453,1,57,255,0,"(57, 255, 0)",#39ff00
454,454,1,56,255,0,"(56, 255, 0)",#38ff00
455,455,1,55,255,0,"(55, 255, 0)",#37ff00
456,456,1,54,255,0,"(54, 255, 0)",#36ff00
457,457,1,53,255,0,"(53, 255, 0)",#35ff00
458,458,1,52,255,0,"(52, 255, 0)",#34ff00
459,459,1,51,255,0,"(51, 255, 0)",#33ff00
460,460,1,50,255,0,"(50, 255, 0)",#32ff00
461,461,1,49,255,0,"(49, 255, 0)",#31ff00
462,462,1,48,255,0,"(48, 255, 0)",#30ff00
463,463,1,47,255,0,"(47, 255, 0)",#2fff00
464,464,1,46,255,0,"(46, 255, 0)",#2eff00
465,465,1,45,255,0,"(45, 255, 0)",#2dff00
466,466,1,44,255,0,"(44, 255, 0)",#2cff00
467,467,1,43,255,0,"(43, 255, 0)",#2bff00
468,468,1,42,255,0,"(42, 255, 0)",#2aff00
469,469,1,41,255,0,"(41, 255, 0)",#29ff00
470,470,1,40,255,0,"(40, 255, 0)",#28ff00
471,471,1,39,255,0,"(39, 255, 0)",#27ff00
472,472,1,38,255,0,"(38, 255, 0)",#26ff00
473,473,1,37,255,0,"(37, 255, 0)",#25ff00
474,474,1,36,255,0,"(36, 255, 0)",#24ff00
475,475,1,35,255,0,"(35, 255, 0)",#23ff00
476,476,1,34,255,0,"(34, 255, 0)",#22ff00
477,477,1,33,255,0,"(33, 255, 0)",#21ff00
478,478,1,32,255,0,"(32, 255, 0)",#20ff00
479,479,1,31,255,0,"(31, 255, 0)",#1fff00
480,480,1,30,255,0,"(30, 255, 0)",#1eff00
481,481,1,29,255,0,"(29, 255, 0)",#1dff00
482,482,1,28,255,0,"(28, 255, 0)",#1cff00
483,483,1,27,255,0,"(27, 255, 0)",#1bff00
484,484,1,26,255,0,"(26, 255, 0)",#1aff00
485,485,1,25,255,0,"(25, 255, 0)",#19ff00
486,486,1,24,255,0,"(24, 255, 0)",#18ff00
487,487,1,23,255,0,"(23, 255, 0)",#17ff00
488,488,1,22,255,0,"(22, 255, 0)",#16ff00
489,489,1,21,255,0,"(21, 255, 0)",#15ff00
490,490,1,20,255,0,"(20, 255, 0)",#14ff00
491,491,1,19,255,0,"(19, 255, 0)",#13ff00
492,492,1,18,255,0,"(18, 255, 0)",#12ff00
493,493,1,17,255,0,"(17, 255, 0)",#11ff00
494,494,1,16,255,0,"(16, 255, 0)",#10ff00
495,495,1,15,255,0,"(15, 255, 0)",#0fff00
496,496,1,14,255,0,"(14, 255, 0)",#0eff00
497,497,1,13,255,0,"(13, 255, 0)",#0dff00
498,498,1,12,255,0,"(12, 255, 0)",#0cff00
499,499,1,11,255,0,"(11, 255, 0)",#0bff00
500,500,1,10,255,0,"(10, 255, 0)",#0aff00
501,501,1,9,255,0,"(9, 255, 0)",#09ff00
502,502,1,8,255,0,"(8, 255, 0)",#08ff00
503,503,1,7,255,0,"(7, 255, 0)",#07ff00
504,504,1,6,255,0,"(6, 255, 0)",#06ff00
505,505,1,5,255,0,"(5, 255, 0)",#05ff00
506,506,1,4,255,0,"(4, 255, 0)",#04ff00
507,507,1,3,255,0,"(3, 255, 0)",#03ff00
508,508,1,2,255,0,"(2, 255, 0)",#02ff00
509,509,1,1,255,0,"(1, 255, 0)",#01ff00
510,510,1,0,255,0,"(0, 255, 0)",#00ff00
511,511,1,0,255,1,"(0, 255, 1)",#00ff01
512,512,1,0,255,2,"(0, 255, 2)",#00ff02
513,513,1,0,255,3,"(0, 255, 3)",#00ff03
514,514,1,0,255,4,"(0, 255, 4)",#00ff04
515,515,1,0,255,5,"(0, 255, 5)",#00ff05
516,516,1,0,255,6,"(0, 255, 6)",#00ff06
517,517,1,0,255,7,"(0, 255, 7)",#00ff07
518,518,1,0,255,8,"(0, 255, 8)",#00ff08
519,519,1,0,255,9,"(0, 255, 9)",#00ff09
520,520,1,0,255,10,"(0, 255, 10)",#00ff0a
521,521,1,0,255,11,"(0, 255, 11)",#00ff0b
522,522,1,0,255,12,"(0, 255, 12)",#00ff0c
523,523,1,0,255,13,"(0, 255, 13)",#00ff0d
524,524,1,0,255,14,"(0, 255, 14)",#00ff0e
525,525,1,0,255,15,"(0, 255, 15)",#00ff0f
526,526,1,0,255,16,"(0, 255, 16)",#00ff10
527,527,1,0,255,17,"(0, 255, 17)",#00ff11
528,528,1,0,255,18,"(0, 255, 18)",#00ff12
529,529,1,0,255,19,"(0, 255, 19)",#00ff13
530,530,1,0,255,20,"(0, 255, 20)",#00ff14
531,531,1,0,255,21,"(0, 255, 21)",#00ff15
532,532,1,0,255,22,"(0, 255, 22)",#00ff16
533,533,1,0,255,23,"(0, 255, 23)",#00ff17
534,534,1,0,255,24,"(0, 255, 24)",#00ff18
535,535,1,0,255,25,"(0, 255, 25)",#00ff19
536,536,1,0,255,26,"(0, 255, 26)",#00ff1a
537,537,1,0,255,27,"(0, 255, 27)",#00ff1b
538,538,1,0,255,28,"(0, 255, 28)",#00ff1c
539,539,1,0,255,29,"(0, 255, 29)",#00ff1d
540,540,1,0,255,30,"(0, 255, 30)",#00ff1e
541,541,1,0,255,31,"(0, 255, 31)",#00ff1f
542,542,1,0,255,32,"(0, 255, 32)",#00ff20
543,543,1,0,255,33,"(0, 255, 33)",#00ff21
544,544,1,0,255,34,"(0, 255, 34)",#00ff22
545,545,1,0,255,35,"(0, 255, 35)",#00ff23
546,546,1,0,255,36,"(0, 255, 36)",#00ff24
547,547,1,0,255,37,"(0, 255, 37)",#00ff25
548,548,1,0,255,38,"(0, 255, 38)",#00ff26
549,549,1,0,255,39,"(0, 255, 39)",#00ff27
550,550,1,0,255,40,"(0, 255, 40)",#00ff28
551,551,1,0,255,41,"(0, 255, 41)",#00ff29
552,552,1,0,255,42,"(0, 255, 42)",#00ff2a
553,553,1,0,255,43,"(0, 255, 43)",#00ff2b
554,554,1,0,255,44,"(0, 255, 44)",#00ff2c
555,555,1,0,255,45,"(0, 255, 45)",#00ff2d
556,556,1,0,255,46,"(0, 255, 46)",#00ff2e
557,557,1,0,255,47,"(0, 255, 47)",#00ff2f
558,558,1,0,255,48,"(0, 255, 48)",#00ff30
559,559,1,0,255,49,"(0, 255, 49)",#00ff31
560,560,1,0,255,50,"(0, 255, 50)",#00ff32
561,561,1,0,255,51,"(0, 255, 51)",#00ff33
562,562,1,0,255,52,"(0, 255, 52)",#00ff34
563,563,1,0,255,53,"(0, 255, 53)",#00ff35
564,564,1,0,255,54,"(0, 255, 54)",#00ff36
565,565,1,0,255,55,"(0, 255, 55)",#00ff37
566,566,1,0,255,56,"(0, 255, 56)",#00ff38
567,567,1,0,255,57,"(0, 255, 57)",#00ff39
568,568,1,0,255,58,"(0, 255, 58)",#00ff3a
569,569,1,0,255,59,"(0, 255, 59)",#00ff3b
570,570,1,0,255,60,"(0, 255, 60)",#00ff3c
571,571,1,0,255,61,"(0, 255, 61)",#00ff3d
572,572,1,0,255,62,"(0, 255, 62)",#00ff3e
573,573,1,0,255,63,"(0, 255, 63)",#00ff3f
574,574,1,0,255,64,"(0, 255, 64)",#00ff40
575,575,1,0,255,65,"(0, 255, 65)",#00ff41
576,576,1,0,255,66,"(0, 255, 66)",#00ff42
577,577,1,0,255,67,"(0, 255, 67)",#00ff43
578,578,1,0,255,68,"(0, 255, 68)",#00ff44
579,579,1,0,255,69,"(0, 255, 69)",#00ff45
580,580,1,0,255,70,"(0, 255, 70)",#00ff46
581,581,1,0,255,71,"(0, 255, 71)",#00ff47
582,582,1,0,255,72,"(0, 255, 72)",#00ff48
583,583,1,0,255,73,"(0, 255, 73)",#00ff49
584,584,1,0,255,74,"(0, 255, 74)",#00ff4a
585,585,1,0,255,75,"(0, 255, 75)",#00ff4b
586,586,1,0,255,76,"(0, 255, 76)",#00ff4c
587,587,1,0,255,77,"(0, 255, 77)",#00ff4d
588,588,1,0,255,78,"(0, 255, 78)",#00ff4e
589,589,1,0,255,79,"(0, 255, 79)",#00ff4f
590,590,1,0,255,80,"(0, 255, 80)",#00ff50
591,591,1,0,255,81,"(0, 255, 81)",#00ff51
592,592,1,0,255,82,"(0, 255, 82)",#00ff52
593,593,1,0,255,83,"(0, 255, 83)",#00ff53
594,594,1,0,255,84,"(0, 255, 84)",#00ff54
595,595,1,0,255,85,"(0, 255, 85)",#00ff55
596,596,1,0,255,86,"(0, 255, 86)",#00ff56
597,597,1,0,255,87,"(0, 255, 87)",#00ff57
598,598,1,0,255,88,"(0, 255, 88)",#00ff58
599,599,1,0,255,89,"(0, 255, 89)",#00ff59
600,600,1,0,255,90,"(0, 255, 90)",#00ff5a
601,601,1,0,255,91,"(0, 255, 91)",#00ff5b
602,602,1,0,255,92,"(0, 255, 92)",#00ff5c
603,603,1,0,255,93,"(0, 255, 93)",#00ff5d
604,604,1,0,255,94,"(0, 255, 94)",#00ff5e
605,605,1,0,255,95,"(0, 255, 95)",#00ff5f
606,606,1,0,255,96,"(0, 255, 96)",#00ff60
607,607,1,0,255,97,"(0, 255, 97)",#00ff61
608,608,1,0,255,98,"(0, 255, 98)",#00ff62
609,609,1,0,255,99,"(0, 255, 99)",#00ff63
610,610,1,0,255,100,"(0, 255, 100)",#00ff64
611,611,1,0,255,101,"(0, 255, 101)",#00ff65
612,612,1,0,255,102,"(0, 255, 102)",#00ff66
613,613,1,0,255,103,"(0, 255, 103)",#00ff67
614,614,1,0,255,104,"(0, 255, 104)",#00ff68
615,615,1,0,255,105,"(0, 255, 105)",#00ff69
616,616,1,0,255,106,"(0, 255, 106)",#00ff6a
617,617,1,0,255,107,"(0, 255, 107)",#00ff6b
618,618,1,0,255,108,"(0, 255, 108)",#00ff6c
619,619,1,0,255,109,"(0, 255, 109)",#00ff6d
620,620,1,0,255,110,"(0, 255, 110)",#00ff6e
621,621,1,0,255,111,"(0, 255, 111)",#00ff6f
622,622,1,0,255,112,"(0, 255, 112)",#00ff70
623,623,1,0,255,113,"(0, 255, 113)",#00ff71
624,624,1,0,255,114,"(0, 255, 114)",#00ff72
625,625,1,0,255,115,"(0, 255, 115)",#00ff73
626,626,1,0,255,116,"(0, 255, 116)",#00ff74
627,627,1,0,255,117,"(0, 255, 117)",#00ff75
628,628,1,0,255,118,"(0, 255, 118)",#00ff76
629,629,1,0,255,119,"(0, 255, 119)",#00ff77
630,630,1,0,255,120,"(0, 255, 120)",#00ff78
631,631,1,0,255,121,"(0, 255, 121)",#00ff79
632,632,1,0,255,122,"(0, 255, 122)",#00ff7a
633,633,1,0,255,123,"(0, 255, 123)",#00ff7b
634,634,1,0,255,124,"(0, 255, 124)",#00ff7c
635,635,1,0,255,125,"(0, 255, 125)",#00ff7d
636,636,1,0,255,126,"(0, 255, 126)",#00ff7e
637,637,1,0,255,127,"(0, 255, 127)",#00ff7f
638,638,1,0,255,128,"(0, 255, 128)",#00ff80
639,639,1,0,255,129,"(0, 255, 129)",#00ff81
640,640,1,0,255,130,"(0, 255, 130)",#00ff82
641,641,1,0,255,131,"(0, 255, 131)",#00ff83
642,642,1,0,255,132,"(0, 255, 132)",#00ff84
643,643,1,0,255,133,"(0, 255, 133)",#00ff85
644,644,1,0,255,134,"(0, 255, 134)",#00ff86
645,645,1,0,255,135,"(0, 255, 135)",#00ff87
646,646,1,0,255,136,"(0, 255, 136)",#00ff88
647,647,1,0,255,137,"(0, 255, 137)",#00ff89
648,648,1,0,255,138,"(0, 255, 138)",#00ff8a
649,649,1,0,255,139,"(0, 255, 139)",#00ff8b
650,650,1,0,255,140,"(0, 255, 140)",#00ff8c
651,651,1,0,255,141,"(0, 255, 141)",#00ff8d
652,652,1,0,255,142,"(0, 255, 142)",#00ff8e
653,653,1,0,255,143,"(0, 255, 143)",#00ff8f
654,654,1,0,255,144,"(0, 255, 144)",#00ff90
655,655,1,0,255,145,"(0, 255, 145)",#00ff91
656,656,1,0,255,146,"(0, 255, 146)",#00ff92
657,657,1,0,255,147,"(0, 255, 147)",#00ff93
658,658,1,0,255,148,"(0, 255, 148)",#00ff94
659,659,1,0,255,149,"(0, 255, 149)",#00ff95
660,660,1,0,255,150,"(0, 255, 150)",#00ff96
661,661,1,0,255,151,"(0, 255, 151)",#00ff97
662,662,1,0,255,152,"(0, 255, 152)",#00ff98
663,663,1,0,255,153,"(0, 255, 153)",#00ff99
664,664,1,0,255,154,"(0, 255, 154)",#00ff9a
665,665,1,0,255,155,"(0, 255, 155)",#00ff9b
666,666,1,0,255,156,"(0, 255, 156)",#00ff9c
667,667,1,0,255,157,"(0, 255, 157)",#00ff9d
668,668,1,0,255,158,"(0, 255, 158)",#00ff9e
669,669,1,0,255,159,"(0, 255, 159)",#00ff9f
670,670,1,0,255,160,"(0, 255, 160)",#00ffa0
671,671,1,0,255,161,"(0, 255, 161)",#00ffa1
672,672,1,0,255,162,"(0, 255, 162)",#00ffa2
673,673,1,0,255,163,"(0, 255, 163)",#00ffa3
674,674,1,0,255,164,"(0, 255, 164)",#00ffa4
675,675,1,0,255,165,"(0, 255, 165)",#00ffa5
676,676,1,0,255,166,"(0, 255, 166)",#00ffa6
677,677,1,0,255,167,"(0, 255, 167)",#00ffa7
678,678,1,0,255,168,"(0, 255, 168)",#00ffa8
679,679,1,0,255,169,"(0, 255, 169)",#00ffa9
680,680,1,0,255,170,"(0, 255, 170)",#00ffaa
681,681,1,0,255,171,"(0, 255, 171)",#00ffab
682,682,1,0,255,172,"(0, 255, 172)",#00ffac
683,683,1,0,255,173,"(0, 255, 173)",#00ffad
684,684,1,0,255,174,"(0, 255, 174)",#00ffae
685,685,1,0,255,175,"(0, 255, 175)",#00ffaf
686,686,1,0,255,176,"(0, 255, 176)",#00ffb0
687,687,1,0,255,177,"(0, 255, 177)",#00ffb1
688,688,1,0,255,178,"(0, 255, 178)",#00ffb2
689,689,1,0,255,179,"(0, 255, 179)",#00ffb3
690,690,1,0,255,180,"(0, 255, 180)",#00ffb4
691,691,1,0,255,181,"(0, 255, 181)",#00ffb5
692,692,1,0,255,182,"(0, 255, 182)",#00ffb6
693,693,1,0,255,183,"(0, 255, 183)",#00ffb7
694,694,1,0,255,184,"(0, 255, 184)",#00ffb8
695,695,1,0,255,185,"(0, 255, 185)",#00ffb9
696,696,1,0,255,186,"(0, 255, 186)",#00ffba
697,697,1,0,255,187,"(0, 255, 187)",#00ffbb
698,698,1,0,255,188,"(0, 255, 188)",#00ffbc
699,699,1,0,255,189,"(0, 255, 189)",#00ffbd
700,700,1,0,255,190,"(0, 255, 190)",#00ffbe
701,701,1,0,255,191,"(0, 255, 191)",#00ffbf
702,702,1,0,255,192,"(0, 255, 192)",#00ffc0
703,703,1,0,255,193,"(0, 255, 193)",#00ffc1
704,704,1,0,255,194,"(0, 255, 194)",#00ffc2
705,705,1,0,255,195,"(0, 255, 195)",#00ffc3
706,706,1,0,255,196,"(0, 255, 196)",#00ffc4
707,707,1,0,255,197,"(0, 255, 197)",#00ffc5
708,708,1,0,255,198,"(0, 255, 198)",#00ffc6
709,709,1,0,255,199,"(0, 255, 199)",#00ffc7
710,710,1,0,255,200,"(0, 255, 200)",#00ffc8
711,711,1,0,255,201,"(0, 255, 201)",#00ffc9
712,712,1,0,255,202,"(0, 255, 202)",#00ffca
713,713,1,0,255,203,"(0, 255, 203)",#00ffcb
714,714,1,0,255,204,"(0, 255, 204)",#00ffcc
715,715,1,0,255,205,"(0, 255, 205)",#00ffcd
716,716,1,0,255,206,"(0, 255, 206)",#00ffce
717,717,1,0,255,207,"(0, 255, 207)",#00ffcf
718,718,1,0,255,208,"(0, 255, 208)",#00ffd0
719,719,1,0,255,209,"(0, 255, 209)",#00ffd1
720,720,1,0,255,210,"(0, 255, 210)",#00ffd2
721,721,1,0,255,211,"(0, 255, 211)",#00ffd3
722,722,1,0,255,212,"(0, 255, 212)",#00ffd4
723,723,1,0,255,213,"(0, 255, 213)",#00ffd5
724,724,1,0,255,214,"(0, 255, 214)",#00ffd6
725,725,1,0,255,215,"(0, 255, 215)",#00ffd7
726,726,1,0,255,216,"(0, 255, 216)",#00ffd8
727,727,1,0,255,217,"(0, 255, 217)",#00ffd9
728,728,1,0,255,218,"(0, 255, 218)",#00ffda
729,729,1,0,255,219,"(0, 255, 219)",#00ffdb
730,730,1,0,255,220,"(0, 255, 220)",#00ffdc
731,731,1,0,255,221,"(0, 255, 221)",#00ffdd
732,732,1,0,255,222,"(0, 255, 222)",#00ffde
733,733,1,0,255,223,"(0, 255, 223)",#00ffdf
734,734,1,0,255,224,"(0, 255, 224)",#00ffe0
735,735,1,0,255,225,"(0, 255, 225)",#00ffe1
736,736,1,0,255,226,"(0, 255, 226)",#00ffe2
737,737,1,0,255,227,"(0, 255, 227)",#00ffe3
738,738,1,0,255,228,"(0, 255, 228)",#00ffe4
739,739,1,0,255,229,"(0, 255, 229)",#00ffe5
740,740,1,0,255,230,"(0, 255, 230)",#00ffe6
741,741,1,0,255,231,"(0, 255, 231)",#00ffe7
742,742,1,0,255,232,"(0, 255, 232)",#00ffe8
743,743,1,0,255,233,"(0, 255, 233)",#00ffe9
744,744,1,0,255,234,"(0, 255, 234)",#00ffea
745,745,1,0,255,235,"(0, 255, 235)",#00ffeb
746,746,1,0,255,236,"(0, 255, 236)",#00ffec
747,747,1,0,255,237,"(0, 255, 237)",#00ffed
748,748,1,0,255,238,"(0, 255, 238)",#00ffee
749,749,1,0,255,239,"(0, 255, 239)",#00ffef
750,750,1,0,255,240,"(0, 255, 240)",#00fff0
751,751,1,0,255,241,"(0, 255, 241)",#00fff1
752,752,1,0,255,242,"(0, 255, 242)",#00fff2
753,753,1,0,255,243,"(0, 255, 243)",#00fff3
754,754,1,0,255,244,"(0, 255, 244)",#00fff4
755,755,1,0,255,245,"(0, 255, 245)",#00fff5
756,756,1,0,255,246,"(0, 255, 246)",#00fff6
757,757,1,0,255,247,"(0, 255, 247)",#00fff7
758,758,1,0,255,248,"(0, 255, 248)",#00fff8
759,759,1,0,255,249,"(0, 255, 249)",#00fff9
760,760,1,0,255,250,"(0, 255, 250)",#00fffa
761,761,1,0,255,251,"(0, 255, 251)",#00fffb
762,762,1,0,255,252,"(0, 255, 252)",#00fffc
763,763,1,0,255,253,"(0, 255, 253)",#00fffd
764,764,1,0,255,254,"(0, 255, 254)",#00fffe
765,765,1,0,255,255,"(0, 255, 255)",#00ffff
766,766,1,0,254,255,"(0, 254, 255)",#00feff
767,767,1,0,253,255,"(0, 253, 255)",#00fdff
768,768,1,0,252,255,"(0, 252, 255)",#00fcff
769,769,1,0,251,255,"(0, 251, 255)",#00fbff
770,770,1,0,250,255,"(0, 250, 255)",#00faff
771,771,1,0,249,255,"(0, 249, 255)",#00f9ff
772,772,1,0,248,255,"(0, 248, 255)",#00f8ff
773,773,1,0,247,255,"(0, 247, 255)",#00f7ff
774,774,1,0,246,255,"(0, 246, 255)",#00f6ff
775,775,1,0,245,255,"(0, 245, 255)",#00f5ff
776,776,1,0,244,255,"(0, 244, 255)",#00f4ff
777,777,1,0,243,255,"(0, 243, 255)",#00f3ff
778,778,1,0,242,255,"(0, 242, 255)",#00f2ff
779,779,1,0,241,255,"(0, 241, 255)",#00f1ff
780,780,1,0,240,255,"(0, 240, 255)",#00f0ff
781,781,1,0,239,255,"(0, 239, 255)",#00efff
782,782,1,0,238,255,"(0, 238, 255)",#00eeff
783,783,1,0,237,255,"(0, 237, 255)",#00edff
784,784,1,0,236,255,"(0, 236, 255)",#00ecff
785,785,1,0,235,255,"(0, 235, 255)",#00ebff
786,786,1,0,234,255,"(0, 234, 255)",#00eaff
787,787,1,0,233,255,"(0, 233, 255)",#00e9ff
788,788,1,0,232,255,"(0, 232, 255)",#00e8ff
789,789,1,0,231,255,"(0, 231, 255)",#00e7ff
790,790,1,0,230,255,"(0, 230, 255)",#00e6ff
791,791,1,0,229,255,"(0, 229, 255)",#00e5ff
792,792,1,0,228,255,"(0, 228, 255)",#00e4ff
793,793,1,0,227,255,"(0, 227, 255)",#00e3ff
794,794,1,0,226,255,"(0, 226, 255)",#00e2ff
795,795,1,0,225,255,"(0, 225, 255)",#00e1ff
796,796,1,0,224,255,"(0, 224, 255)",#00e0ff
797,797,1,0,223,255,"(0, 223, 255)",#00dfff
798,798,1,0,222,255,"(0, 222, 255)",#00deff
799,799,1,0,221,255,"(0, 221, 255)",#00ddff
800,800,1,0,220,255,"(0, 220, 255)",#00dcff
801,801,1,0,219,255,"(0, 219, 255)",#00dbff
802,802,1,0,218,255,"(0, 218, 255)",#00daff
803,803,1,0,217,255,"(0, 217, 255)",#00d9ff
804,804,1,0,216,255,"(0, 216, 255)",#00d8ff
805,805,1,0,215,255,"(0, 215, 255)",#00d7ff
806,806,1,0,214,255,"(0, 214, 255)",#00d6ff
807,807,1,0,213,255,"(0, 213, 255)",#00d5ff
808,808,1,0,212,255,"(0, 212, 255)",#00d4ff
809,809,1,0,211,255,"(0, 211, 255)",#00d3ff
810,810,1,0,210,255,"(0, 210, 255)",#00d2ff
811,811,1,0,209,255,"(0, 209, 255)",#00d1ff
812,812,1,0,208,255,"(0, 208, 255)",#00d0ff
813,813,1,0,207,255,"(0, 207, 255)",#00cfff
814,814,1,0,206,255,"(0, 206, 255)",#00ceff
815,815,1,0,205,255,"(0, 205, 255)",#00cdff
816,816,1,0,204,255,"(0, 204, 255)",#00ccff
817,817,1,0,203,255,"(0, 203, 255)",#00cbff
818,818,1,0,202,255,"(0, 202, 255)",#00caff
819,819,1,0,201,255,"(0, 201, 255)",#00c9ff
820,820,1,0,200,255,"(0, 200, 255)",#00c8ff
821,821,1,0,199,255,"(0, 199, 255)",#00c7ff
822,822,1,0,198,255,"(0, 198, 255)",#00c6ff
823,823,1,0,197,255,"(0, 197, 255)",#00c5ff
824,824,1,0,196,255,"(0, 196, 255)",#00c4ff
825,825,1,0,195,255,"(0, 195, 255)",#00c3ff
826,826,1,0,194,255,"(0, 194, 255)",#00c2ff
827,827,1,0,193,255,"(0, 193, 255)",#00c1ff
828,828,1,0,192,255,"(0, 192, 255)",#00c0ff
829,829,1,0,191,255,"(0, 191, 255)",#00bfff
830,830,1,0,190,255,"(0, 190, 255)",#00beff
831,831,1,0,189,255,"(0, 189, 255)",#00bdff
832,832,1,0,188,255,"(0, 188, 255)",#00bcff
833,833,1,0,187,255,"(0, 187, 255)",#00bbff
834,834,1,0,186,255,"(0, 186, 255)",#00baff
835,835,1,0,185,255,"(0, 185, 255)",#00b9ff
836,836,1,0,184,255,"(0, 184, 255)",#00b8ff
837,837,1,0,183,255,"(0, 183, 255)",#00b7ff
838,838,1,0,182,255,"(0, 182, 255)",#00b6ff
839,839,1,0,181,255,"(0, 181, 255)",#00b5ff
840,840,1,0,180,255,"(0, 180, 255)",#00b4ff
841,841,1,0,179,255,"(0, 179, 255)",#00b3ff
842,842,1,0,178,255,"(0, 178, 255)",#00b2ff
843,843,1,0,177,255,"(0, 177, 255)",#00b1ff
844,844,1,0,176,255,"(0, 176, 255)",#00b0ff
845,845,1,0,175,255,"(0, 175, 255)",#00afff
846,846,1,0,174,255,"(0, 174, 255)",#00aeff
847,847,1,0,173,255,"(0, 173, 255)",#00adff
848,848,1,0,172,255,"(0, 172, 255)",#00acff
849,849,1,0,171,255,"(0, 171, 255)",#00abff
850,850,1,0,170,255,"(0, 170, 255)",#00aaff
851,851,1,0,169,255,"(0, 169, 255)",#00a9ff
852,852,1,0,168,255,"(0, 168, 255)",#00a8ff
853,853,1,0,167,255,"(0, 167, 255)",#00a7ff
854,854,1,0,166,255,"(0, 166, 255)",#00a6ff
855,855,1,0,165,255,"(0, 165, 255)",#00a5ff
856,856,1,0,164,255,"(0, 164, 255)",#00a4ff
857,857,1,0,163,255,"(0, 163, 255)",#00a3ff
858,858,1,0,162,255,"(0, 162, 255)",#00a2ff
859,859,1,0,161,255,"(0, 161, 255)",#00a1ff
860,860,1,0,160,255,"(0, 160, 255)",#00a0ff
861,861,1,0,159,255,"(0, 159, 255)",#009fff
862,862,1,0,158,255,"(0, 158, 255)",#009eff
863,863,1,0,157,255,"(0, 157, 255)",#009dff
864,864,1,0,156,255,"(0, 156, 255)",#009cff
865,865,1,0,155,255,"(0, 155, 255)",#009bff
866,866,1,0,154,255,"(0, 154, 255)",#009aff
867,867,1,0,153,255,"(0, 153, 255)",#0099ff
868,868,1,0,152,255,"(0, 152, 255)",#0098ff
869,869,1,0,151,255,"(0, 151, 255)",#0097ff
870,870,1,0,150,255,"(0, 150, 255)",#0096ff
871,871,1,0,149,255,"(0, 149, 255)",#0095ff
872,872,1,0,148,255,"(0, 148, 255)",#0094ff
873,873,1,0,147,255,"(0, 147, 255)",#0093ff
874,874,1,0,146,255,"(0, 146, 255)",#0092ff
875,875,1,0,145,255,"(0, 145, 255)",#0091ff
876,876,1,0,144,255,"(0, 144, 255)",#0090ff
877,877,1,0,143,255,"(0, 143, 255)",#008fff
878,878,1,0,142,255,"(0, 142, 255)",#008eff
879,879,1,0,141,255,"(0, 141, 255)",#008dff
880,880,1,0,140,255,"(0, 140, 255)",#008cff
881,881,1,0,139,255,"(0, 139, 255)",#008bff
882,882,1,0,138,255,"(0, 138, 255)",#008aff
883,883,1,0,137,255,"(0, 137, 255)",#0089ff
884,884,1,0,136,255,"(0, 136, 255)",#0088ff
885,885,1,0,135,255,"(0, 135, 255)",#0087ff
886,886,1,0,134,255,"(0, 134, 255)",#0086ff
887,887,1,0,133,255,"(0, 133, 255)",#0085ff
888,888,1,0,132,255,"(0, 132, 255)",#0084ff
889,889,1,0,131,255,"(0, 131, 255)",#0083ff
890,890,1,0,130,255,"(0, 130, 255)",#0082ff
891,891,1,0,129,255,"(0, 129, 255)",#0081ff
892,892,1,0,128,255,"(0, 128, 255)",#0080ff
893,893,1,0,127,255,"(0, 127, 255)",#007fff
894,894,1,0,126,255,"(0, 126, 255)",#007eff
895,895,1,0,125,255,"(0, 125, 255)",#007dff
896,896,1,0,124,255,"(0, 124, 255)",#007cff
897,897,1,0,123,255,"(0, 123, 255)",#007bff
898,898,1,0,122,255,"(0, 122, 255)",#007aff
899,899,1,0,121,255,"(0, 121, 255)",#0079ff
900,900,1,0,120,255,"(0, 120, 255)",#0078ff
901,901,1,0,119,255,"(0, 119, 255)",#0077ff
902,902,1,0,118,255,"(0, 118, 255)",#0076ff
903,903,1,0,117,255,"(0, 117, 255)",#0075ff
904,904,1,0,116,255,"(0, 116, 255)",#0074ff
905,905,1,0,115,255,"(0, 115, 255)",#0073ff
906,906,1,0,114,255,"(0, 114, 255)",#0072ff
907,907,1,0,113,255,"(0, 113, 255)",#0071ff
908,908,1,0,112,255,"(0, 112, 255)",#0070ff
909,909,1,0,111,255,"(0, 111, 255)",#006fff
910,910,1,0,110,255,"(0, 110, 255)",#006eff
911,911,1,0,109,255,"(0, 109, 255)",#006dff
912,912,1,0,108,255,"(0, 108, 255)",#006cff
913,913,1,0,107,255,"(0, 107, 255)",#006bff
914,914,1,0,106,255,"(0, 106, 255)",#006aff
915,915,1,0,105,255,"(0, 105, 255)",#0069ff
916,916,1,0,104,255,"(0, 104, 255)",#0068ff
917,917,1,0,103,255,"(0, 103, 255)",#0067ff
918,918,1,0,102,255,"(0, 102, 255)",#0066ff
919,919,1,0,101,255,"(0, 101, 255)",#0065ff
920,920,1,0,100,255,"(0, 100, 255)",#0064ff
921,921,1,0,99,255,"(0, 99, 255)",#0063ff
922,922,1,0,98,255,"(0, 98, 255)",#0062ff
923,923,1,0,97,255,"(0, 97, 255)",#0061ff
924,924,1,0,96,255,"(0, 96, 255)",#0060ff
925,925,1,0,95,255,"(0, 95, 255)",#005fff
926,926,1,0,94,255,"(0, 94, 255)",#005eff
927,927,1,0,93,255,"(0, 93, 255)",#005dff
928,928,1,0,92,255,"(0, 92, 255)",#005cff
929,929,1,0,91,255,"(0, 91, 255)",#005bff
930,930,1,0,90,255,"(0, 90, 255)",#005aff
931,931,1,0,89,255,"(0, 89, 255)",#0059ff
932,932,1,0,88,255,"(0, 88, 255)",#0058ff
933,933,1,0,87,255,"(0, 87, 255)",#0057ff
934,934,1,0,86,255,"(0, 86, 255)",#0056ff
935,935,1,0,85,255,"(0, 85, 255)",#0055ff
936,936,1,0,84,255,"(0, 84, 255)",#0054ff
937,937,1,0,83,255,"(0, 83, 255)",#0053ff
938,938,1,0,82,255,"(0, 82, 255)",#0052ff
939,939,1,0,81,255,"(0, 81, 255)",#0051ff
940,940,1,0,80,255,"(0, 80, 255)",#0050ff
941,941,1,0,79,255,"(0, 79, 255)",#004fff
942,942,1,0,78,255,"(0, 78, 255)",#004eff
943,943,1,0,77,255,"(0, 77, 255)",#004dff
944,944,1,0,76,255,"(0, 76, 255)",#004cff
945,945,1,0,75,255,"(0, 75, 255)",#004bff
946,946,1,0,74,255,"(0, 74, 255)",#004aff
947,947,1,0,73,255,"(0, 73, 255)",#0049ff
948,948,1,0,72,255,"(0, 72, 255)",#0048ff
949,949,1,0,71,255,"(0, 71, 255)",#0047ff
950,950,1,0,70,255,"(0, 70, 255)",#0046ff
951,951,1,0,69,255,"(0, 69, 255)",#0045ff
952,952,1,0,68,255,"(0, 68, 255)",#0044ff
953,953,1,0,67,255,"(0, 67, 255)",#0043ff
954,954,1,0,66,255,"(0, 66, 255)",#0042ff
955,955,1,0,65,255,"(0, 65, 255)",#0041ff
956,956,1,0,64,255,"(0, 64, 255)",#0040ff
957,957,1,0,63,255,"(0, 63, 255)",#003fff
958,958,1,0,62,255,"(0, 62, 255)",#003eff
959,959,1,0,61,255,"(0, 61, 255)",#003dff
960,960,1,0,60,255,"(0, 60, 255)",#003cff
961,961,1,0,59,255,"(0, 59, 255)",#003bff
962,962,1,0,58,255,"(0, 58, 255)",#003aff
963,963,1,0,57,255,"(0, 57, 255)",#0039ff
964,964,1,0,56,255,"(0, 56, 255)",#0038ff
965,965,1,0,55,255,"(0, 55, 255)",#0037ff
966,966,1,0,54,255,"(0, 54, 255)",#0036ff
967,967,1,0,53,255,"(0, 53, 255)",#0035ff
968,968,1,0,52,255,"(0, 52, 255)",#0034ff
969,969,1,0,51,255,"(0, 51, 255)",#0033ff
970,970,1,0,50,255,"(0, 50, 255)",#0032ff
971,971,1,0,49,255,"(0, 49, 255)",#0031ff
972,972,1,0,48,255,"(0, 48, 255)",#0030ff
973,973,1,0,47,255,"(0, 47, 255)",#002fff
974,974,1,0,46,255,"(0, 46, 255)",#002eff
975,975,1,0,45,255,"(0, 45, 255)",#002dff
976,976,1,0,44,255,"(0, 44, 255)",#002cff
977,977,1,0,43,255,"(0, 43, 255)",#002bff
978,978,1,0,42,255,"(0, 42, 255)",#002aff
979,979,1,0,41,255,"(0, 41, 255)",#0029ff
980,980,1,0,40,255,"(0, 40, 255)",#0028ff
981,981,1,0,39,255,"(0, 39, 255)",#0027ff
982,982,1,0,38,255,"(0, 38, 255)",#0026ff
983,983,1,0,37,255,"(0, 37, 255)",#0025ff
984,984,1,0,36,255,"(0, 36, 255)",#0024ff
985,985,1,0,35,255,"(0, 35, 255)",#0023ff
986,986,1,0,34,255,"(0, 34, 255)",#0022ff
987,987,1,0,33,255,"(0, 33, 255)",#0021ff
988,988,1,0,32,255,"(0, 32, 255)",#0020ff
989,989,1,0,31,255,"(0, 31, 255)",#001fff
990,990,1,0,30,255,"(0, 30, 255)",#001eff
991,991,1,0,29,255,"(0, 29, 255)",#001dff
992,992,1,0,28,255,"(0, 28, 255)",#001cff
993,993,1,0,27,255,"(0, 27, 255)",#001bff
994,994,1,0,26,255,"(0, 26, 255)",#001aff
995,995,1,0,25,255,"(0, 25, 255)",#0019ff
996,996,1,0,24,255,"(0, 24, 255)",#0018ff
997,997,1,0,23,255,"(0, 23, 255)",#0017ff
998,998,1,0,22,255,"(0, 22, 255)",#0016ff
999,999,1,0,21,255,"(0, 21, 255)",#0015ff
1000,1000,1,0,20,255,"(0, 20, 255)",#0014ff
1001,1001,1,0,19,255,"(0, 19, 255)",#0013ff
1002,1002,1,0,18,255,"(0, 18, 255)",#0012ff
1003,1003,1,0,17,255,"(0, 17, 255)",#0011ff
1004,1004,1,0,16,255,"(0, 16, 255)",#0010ff
1005,1005,1,0,15,255,"(0, 15, 255)",#000fff
1006,1006,1,0,14,255,"(0, 14, 255)",#000eff
1007,1007,1,0,13,255,"(0, 13, 255)",#000dff
1008,1008,1,0,12,255,"(0, 12, 255)",#000cff
1009,1009,1,0,11,255,"(0, 11, 255)",#000bff
1010,1010,1,0,10,255,"(0, 10, 255)",#000aff
1011,1011,1,0,9,255,"(0, 9, 255)",#0009ff
1012,1012,1,0,8,255,"(0, 8, 255)",#0008ff
1013,1013,1,0,7,255,"(0, 7, 255)",#0007ff
1014,1014,1,0,6,255,"(0, 6, 255)",#0006ff
1015,1015,1,0,5,255,"(0, 5, 255)",#0005ff
1016,1016,1,0,4,255,"(0, 4, 255)",#0004ff
1017,1017,1,0,3,255,"(0, 3, 255)",#0003ff
1018,1018,1,0,2,255,"(0, 2, 255)",#0002ff
1019,1019,1,0,1,255,"(0, 1, 255)",#0001ff
1020,1020,1,0,0,255,"(0, 0, 255)",#0000ff
1021,1021,1,1,0,255,"(1, 0, 255)",#0100ff
1022,1022,1,2,0,255,"(2, 0, 255)",#0200ff
1023,1023,1,3,0,255,"(3, 0, 255)",#0300ff
1024,1024,1,4,0,255,"(4, 0, 255)",#0400ff
1025,1025,1,5,0,255,"(5, 0, 255)",#0500ff
1026,1026,1,6,0,255,"(6, 0, 255)",#0600ff
1027,1027,1,7,0,255,"(7, 0, 255)",#0700ff
1028,1028,1,8,0,255,"(8, 0, 255)",#0800ff
1029,1029,1,9,0,255,"(9, 0, 255)",#0900ff
1030,1030,1,10,0,255,"(10, 0, 255)",#0a00ff
1031,1031,1,11,0,255,"(11, 0, 255)",#0b00ff
1032,1032,1,12,0,255,"(12, 0, 255)",#0c00ff
1033,1033,1,13,0,255,"(13, 0, 255)",#0d00ff
1034,1034,1,14,0,255,"(14, 0, 255)",#0e00ff
1035,1035,1,15,0,255,"(15, 0, 255)",#0f00ff
1036,1036,1,16,0,255,"(16, 0, 255)",#1000ff
1037,1037,1,17,0,255,"(17, 0, 255)",#1100ff
1038,1038,1,18,0,255,"(18, 0, 255)",#1200ff
1039,1039,1,19,0,255,"(19, 0, 255)",#1300ff
1040,1040,1,20,0,255,"(20, 0, 255)",#1400ff
1041,1041,1,21,0,255,"(21, 0, 255)",#1500ff
1042,1042,1,22,0,255,"(22, 0, 255)",#1600ff
1043,1043,1,23,0,255,"(23, 0, 255)",#1700ff
1044,1044,1,24,0,255,"(24, 0, 255)",#1800ff
1045,1045,1,25,0,255,"(25, 0, 255)",#1900ff
1046,1046,1,26,0,255,"(26, 0, 255)",#1a00ff
1047,1047,1,27,0,255,"(27, 0, 255)",#1b00ff
1048,1048,1,28,0,255,"(28, 0, 255)",#1c00ff
1049,1049,1,29,0,255,"(29, 0, 255)",#1d00ff
1050,1050,1,30,0,255,"(30, 0, 255)",#1e00ff
1051,1051,1,31,0,255,"(31, 0, 255)",#1f00ff
1052,1052,1,32,0,255,"(32, 0, 255)",#2000ff
1053,1053,1,33,0,255,"(33, 0, 255)",#2100ff
1054,1054,1,34,0,255,"(34, 0, 255)",#2200ff
1055,1055,1,35,0,255,"(35, 0, 255)",#2300ff
1056,1056,1,36,0,255,"(36, 0, 255)",#2400ff
1057,1057,1,37,0,255,"(37, 0, 255)",#2500ff
1058,1058,1,38,0,255,"(38, 0, 255)",#2600ff
1059,1059,1,39,0,255,"(39, 0, 255)",#2700ff
1060,1060,1,40,0,255,"(40, 0, 255)",#2800ff
1061,1061,1,41,0,255,"(41, 0, 255)",#2900ff
1062,1062,1,42,0,255,"(42, 0, 255)",#2a00ff
1063,1063,1,43,0,255,"(43, 0, 255)",#2b00ff
1064,1064,1,44,0,255,"(44, 0, 255)",#2c00ff
1065,1065,1,45,0,255,"(45, 0, 255)",#2d00ff
1066,1066,1,46,0,255,"(46, 0, 255)",#2e00ff
1067,1067,1,47,0,255,"(47, 0, 255)",#2f00ff
1068,1068,1,48,0,255,"(48, 0, 255)",#3000ff
1069,1069,1,49,0,255,"(49, 0, 255)",#3100ff
1070,1070,1,50,0,255,"(50, 0, 255)",#3200ff
1071,1071,1,51,0,255,"(51, 0, 255)",#3300ff
1072,1072,1,52,0,255,"(52, 0, 255)",#3400ff
1073,1073,1,53,0,255,"(53, 0, 255)",#3500ff
1074,1074,1,54,0,255,"(54, 0, 255)",#3600ff
1075,1075,1,55,0,255,"(55, 0, 255)",#3700ff
1076,1076,1,56,0,255,"(56, 0, 255)",#3800ff
1077,1077,1,57,0,255,"(57, 0, 255)",#3900ff
1078,1078,1,58,0,255,"(58, 0, 255)",#3a00ff
1079,1079,1,59,0,255,"(59, 0, 255)",#3b00ff
1080,1080,1,60,0,255,"(60, 0, 255)",#3c00ff
1081,1081,1,61,0,255,"(61, 0, 255)",#3d00ff
1082,1082,1,62,0,255,"(62, 0, 255)",#3e00ff
1083,1083,1,63,0,255,"(63, 0, 255)",#3f00ff
1084,1084,1,64,0,255,"(64, 0, 255)",#4000ff
1085,1085,1,65,0,255,"(65, 0, 255)",#4100ff
1086,1086,1,66,0,255,"(66, 0, 255)",#4200ff
1087,1087,1,67,0,255,"(67, 0, 255)",#4300ff
1088,1088,1,68,0,255,"(68, 0, 255)",#4400ff
1089,1089,1,69,0,255,"(69, 0, 255)",#4500ff
1090,1090,1,70,0,255,"(70, 0, 255)",#4600ff
1091,1091,1,71,0,255,"(71, 0, 255)",#4700ff
1092,1092,1,72,0,255,"(72, 0, 255)",#4800ff
1093,1093,1,73,0,255,"(73, 0, 255)",#4900ff
1094,1094,1,74,0,255,"(74, 0, 255)",#4a00ff
1095,1095,1,75,0,255,"(75, 0, 255)",#4b00ff
1096,1096,1,76,0,255,"(76, 0, 255)",#4c00ff
1097,1097,1,77,0,255,"(77, 0, 255)",#4d00ff
1098,1098,1,78,0,255,"(78, 0, 255)",#4e00ff
1099,1099,1,79,0,255,"(79, 0, 255)",#4f00ff
1100,1100,1,80,0,255,"(80, 0, 255)",#5000ff
1101,1101,1,81,0,255,"(81, 0, 255)",#5100ff
1102,1102,1,82,0,255,"(82, 0, 255)",#5200ff
1103,1103,1,83,0,255,"(83, 0, 255)",#5300ff
1104,1104,1,84,0,255,"(84, 0, 255)",#5400ff
1105,1105,1,85,0,255,"(85, 0, 255)",#5500ff
1106,1106,1,86,0,255,"(86, 0, 255)",#5600ff
1107,1107,1,87,0,255,"(87, 0, 255)",#5700ff
1108,1108,1,88,0,255,"(88, 0, 255)",#5800ff
1109,1109,1,89,0,255,"(89, 0, 255)",#5900ff
1110,1110,1,90,0,255,"(90, 0, 255)",#5a00ff
1111,1111,1,91,0,255,"(91, 0, 255)",#5b00ff
1112,1112,1,92,0,255,"(92, 0, 255)",#5c00ff
1113,1113,1,93,0,255,"(93, 0, 255)",#5d00ff
1114,1114,1,94,0,255,"(94, 0, 255)",#5e00ff
1115,1115,1,95,0,255,"(95, 0, 255)",#5f00ff
1116,1116,1,96,0,255,"(96, 0, 255)",#6000ff
1117,1117,1,97,0,255,"(97, 0, 255)",#6100ff
1118,1118,1,98,0,255,"(98, 0, 255)",#6200ff
1119,1119,1,99,0,255,"(99, 0, 255)",#6300ff
1120,1120,1,100,0,255,"(100, 0, 255)",#6400ff
1121,1121,1,101,0,255,"(101, 0, 255)",#6500ff
1122,1122,1,102,0,255,"(102, 0, 255)",#6600ff
1123,1123,1,103,0,255,"(103, 0, 255)",#6700ff
1124,1124,1,104,0,255,"(104, 0, 255)",#6800ff
1125,1125,1,105,0,255,"(105, 0, 255)",#6900ff
1126,1126,1,106,0,255,"(106, 0, 255)",#6a00ff
1127,1127,1,107,0,255,"(107, 0, 255)",#6b00ff
1128,1128,1,108,0,255,"(108, 0, 255)",#6c00ff
1129,1129,1,109,0,255,"(109, 0, 255)",#6d00ff
1130,1130,1,110,0,255,"(110, 0, 255)",#6e00ff
1131,1131,1,111,0,255,"(111, 0, 255)",#6f00ff
1132,1132,1,112,0,255,"(112, 0, 255)",#7000ff
1133,1133,1,113,0,255,"(113, 0, 255)",#7100ff
1134,1134,1,114,0,255,"(114, 0, 255)",#7200ff
1135,1135,1,115,0,255,"(115, 0, 255)",#7300ff
1136,1136,1,116,0,255,"(116, 0, 255)",#7400ff
1137,1137,1,117,0,255,"(117, 0, 255)",#7500ff
1138,1138,1,118,0,255,"(118, 0, 255)",#7600ff
1139,1139,1,119,0,255,"(119, 0, 255)",#7700ff
1140,1140,1,120,0,255,"(120, 0, 255)",#7800ff
1141,1141,1,121,0,255,"(121, 0, 255)",#7900ff
1142,1142,1,122,0,255,"(122, 0, 255)",#7a00ff
1143,1143,1,123,0,255,"(123, 0, 255)",#7b00ff
1144,1144,1,124,0,255,"(124, 0, 255)",#7c00ff
1145,1145,1,125,0,255,"(125, 0, 255)",#7d00ff
1146,1146,1,126,0,255,"(126, 0, 255)",#7e00ff
1147,1147,1,127,0,255,"(127, 0, 255)",#7f00ff
1148,1148,1,128,0,255,"(128, 0, 255)",#8000ff
1149,1149,1,129,0,255,"(129, 0, 255)",#8100ff
1150,1150,1,130,0,255,"(130, 0, 255)",#8200ff
1151,1151,1,131,0,255,"(131, 0, 255)",#8300ff
1152,1152,1,132,0,255,"(132, 0, 255)",#8400ff
1153,1153,1,133,0,255,"(133, 0, 255)",#8500ff
1154,1154,1,134,0,255,"(134, 0, 255)",#8600ff
1155,1155,1,135,0,255,"(135, 0, 255)",#8700ff
1156,1156,1,136,0,255,"(136, 0, 255)",#8800ff
1157,1157,1,137,0,255,"(137, 0, 255)",#8900ff
1158,1158,1,138,0,255,"(138, 0, 255)",#8a00ff
1159,1159,1,139,0,255,"(139, 0, 255)",#8b00ff
1160,1160,1,140,0,255,"(140, 0, 255)",#8c00ff
1161,1161,1,141,0,255,"(141, 0, 255)",#8d00ff
1162,1162,1,142,0,255,"(142, 0, 255)",#8e00ff
1163,1163,1,143,0,255,"(143, 0, 255)",#8f00ff
1164,1164,1,144,0,255,"(144, 0, 255)",#9000ff
1165,1165,1,145,0,255,"(145, 0, 255)",#9100ff
1166,1166,1,146,0,255,"(146, 0, 255)",#9200ff
1167,1167,1,147,0,255,"(147, 0, 255)",#9300ff
1168,1168,1,148,0,255,"(148, 0, 255)",#9400ff
1169,1169,1,149,0,255,"(149, 0, 255)",#9500ff
1170,1170,1,150,0,255,"(150, 0, 255)",#9600ff
1171,1171,1,151,0,255,"(151, 0, 255)",#9700ff
1172,1172,1,152,0,255,"(152, 0, 255)",#9800ff
1173,1173,1,153,0,255,"(153, 0, 255)",#9900ff
1174,1174,1,154,0,255,"(154, 0, 255)",#9a00ff
1175,1175,1,155,0,255,"(155, 0, 255)",#9b00ff
1176,1176,1,156,0,255,"(156, 0, 255)",#9c00ff
1177,1177,1,157,0,255,"(157, 0, 255)",#9d00ff
1178,1178,1,158,0,255,"(158, 0, 255)",#9e00ff
1179,1179,1,159,0,255,"(159, 0, 255)",#9f00ff
1180,1180,1,160,0,255,"(160, 0, 255)",#a000ff
1181,1181,1,161,0,255,"(161, 0, 255)",#a100ff
1182,1182,1,162,0,255,"(162, 0, 255)",#a200ff
1183,1183,1,163,0,255,"(163, 0, 255)",#a300ff
1184,1184,1,164,0,255,"(164, 0, 255)",#a400ff
1185,1185,1,165,0,255,"(165, 0, 255)",#a500ff
1186,1186,1,166,0,255,"(166, 0, 255)",#a600ff
1187,1187,1,167,0,255,"(167, 0, 255)",#a700ff
1188,1188,1,168,0,255,"(168, 0, 255)",#a800ff
1189,1189,1,169,0,255,"(169, 0, 255)",#a900ff
1190,1190,1,170,0,255,"(170, 0, 255)",#aa00ff
1191,1191,1,171,0,255,"(171, 0, 255)",#ab00ff
1192,1192,1,172,0,255,"(172, 0, 255)",#ac00ff
1193,1193,1,173,0,255,"(173, 0, 255)",#ad00ff
1194,1194,1,174,0,255,"(174, 0, 255)",#ae00ff
1195,1195,1,175,0,255,"(175, 0, 255)",#af00ff
1196,1196,1,176,0,255,"(176, 0, 255)",#b000ff
1197,1197,1,177,0,255,"(177, 0, 255)",#b100ff
1198,1198,1,178,0,255,"(178, 0, 255)",#b200ff
1199,1199,1,179,0,255,"(179, 0, 255)",#b300ff
1200,1200,1,180,0,255,"(180, 0, 255)",#b400ff
1201,1201,1,181,0,255,"(181, 0, 255)",#b500ff
1202,1202,1,182,0,255,"(182, 0, 255)",#b600ff
1203,1203,1,183,0,255,"(183, 0, 255)",#b700ff
1204,1204,1,184,0,255,"(184, 0, 255)",#b800ff
1205,1205,1,185,0,255,"(185, 0, 255)",#b900ff
1206,1206,1,186,0,255,"(186, 0, 255)",#ba00ff
1207,1207,1,187,0,255,"(187, 0, 255)",#bb00ff
1208,1208,1,188,0,255,"(188, 0, 255)",#bc00ff
1209,1209,1,189,0,255,"(189, 0, 255)",#bd00ff
1210,1210,1,190,0,255,"(190, 0, 255)",#be00ff
1211,1211,1,191,0,255,"(191, 0, 255)",#bf00ff
1212,1212,1,192,0,255,"(192, 0, 255)",#c000ff
1213,1213,1,193,0,255,"(193, 0, 255)",#c100ff
1214,1214,1,194,0,255,"(194, 0, 255)",#c200ff
1215,1215,1,195,0,255,"(195, 0, 255)",#c300ff
1216,1216,1,196,0,255,"(196, 0, 255)",#c400ff
1217,1217,1,197,0,255,"(197, 0, 255)",#c500ff
1218,1218,1,198,0,255,"(198, 0, 255)",#c600ff
1219,1219,1,199,0,255,"(199, 0, 255)",#c700ff
1220,1220,1,200,0,255,"(200, 0, 255)",#c800ff
1221,1221,1,201,0,255,"(201, 0, 255)",#c900ff
1222,1222,1,202,0,255,"(202, 0, 255)",#ca00ff
1223,1223,1,203,0,255,"(203, 0, 255)",#cb00ff
1224,1224,1,204,0,255,"(204, 0, 255)",#cc00ff
1225,1225,1,205,0,255,"(205, 0, 255)",#cd00ff
1226,1226,1,206,0,255,"(206, 0, 255)",#ce00ff
1227,1227,1,207,0,255,"(207, 0, 255)",#cf00ff
1228,1228,1,208,0,255,"(208, 0, 255)",#d000ff
1229,1229,1,209,0,255,"(209, 0, 255)",#d100ff
1230,1230,1,210,0,255,"(210, 0, 255)",#d200ff
1231,1231,1,211,0,255,"(211, 0, 255)",#d300ff
1232,1232,1,212,0,255,"(212, 0, 255)",#d400ff
1233,1233,1,213,0,255,"(213, 0, 255)",#d500ff
1234,1234,1,214,0,255,"(214, 0, 255)",#d600ff
1235,1235,1,215,0,255,"(215, 0, 255)",#d700ff
1236,1236,1,216,0,255,"(216, 0, 255)",#d800ff
1237,1237,1,217,0,255,"(217, 0, 255)",#d900ff
1238,1238,1,218,0,255,"(218, 0, 255)",#da00ff
1239,1239,1,219,0,255,"(219, 0, 255)",#db00ff
1240,1240,1,220,0,255,"(220, 0, 255)",#dc00ff
1241,1241,1,221,0,255,"(221, 0, 255)",#dd00ff
1242,1242,1,222,0,255,"(222, 0, 255)",#de00ff
1243,1243,1,223,0,255,"(223, 0, 255)",#df00ff
1244,1244,1,224,0,255,"(224, 0, 255)",#e000ff
1245,1245,1,225,0,255,"(225, 0, 255)",#e100ff
1246,1246,1,226,0,255,"(226, 0, 255)",#e200ff
1247,1247,1,227,0,255,"(227, 0, 255)",#e300ff
1248,1248,1,228,0,255,"(228, 0, 255)",#e400ff
1249,1249,1,229,0,255,"(229, 0, 255)",#e500ff
1250,1250,1,230,0,255,"(230, 0, 255)",#e600ff
1251,1251,1,231,0,255,"(231, 0, 255)",#e700ff
1252,1252,1,232,0,255,"(232, 0, 255)",#e800ff
1253,1253,1,233,0,255,"(233, 0, 255)",#e900ff
1254,1254,1,234,0,255,"(234, 0, 255)",#ea00ff
1255,1255,1,235,0,255,"(235, 0, 255)",#eb00ff
1256,1256,1,236,0,255,"(236, 0, 255)",#ec00ff
1257,1257,1,237,0,255,"(237, 0, 255)",#ed00ff
1258,1258,1,238,0,255,"(238, 0, 255)",#ee00ff
1259,1259,1,239,0,255,"(239, 0, 255)",#ef00ff
1260,1260,1,240,0,255,"(240, 0, 255)",#f000ff
1261,1261,1,241,0,255,"(241, 0, 255)",#f100ff
1262,1262,1,242,0,255,"(242, 0, 255)",#f200ff
1263,1263,1,243,0,255,"(243, 0, 255)",#f300ff
1264,1264,1,244,0,255,"(244, 0, 255)",#f400ff
1265,1265,1,245,0,255,"(245, 0, 255)",#f500ff
1266,1266,1,246,0,255,"(246, 0, 255)",#f600ff
1267,1267,1,247,0,255,"(247, 0, 255)",#f700ff
1268,1268,1,248,0,255,"(248, 0, 255)",#f800ff
1269,1269,1,249,0,255,"(249, 0, 255)",#f900ff
1270,1270,1,250,0,255,"(250, 0, 255)",#fa00ff
1271,1271,1,251,0,255,"(251, 0, 255)",#fb00ff
1272,1272,1,252,0,255,"(252, 0, 255)",#fc00ff
1273,1273,1,253,0,255,"(253, 0, 255)",#fd00ff
1274,1274,1,254,0,255,"(254, 0, 255)",#fe00ff
1275,1275,1,255,0,255,"(255, 0, 255)",#ff00ff
1276,1276,1,255,0,254,"(255, 0, 254)",#ff00fe
1277,1277,1,255,0,253,"(255, 0, 253)",#ff00fd
1278,1278,1,255,0,252,"(255, 0, 252)",#ff00fc
1279,1279,1,255,0,251,"(255, 0, 251)",#ff00fb
1280,1280,1,255,0,250,"(255, 0, 250)",#ff00fa
1281,1281,1,255,0,249,"(255, 0, 249)",#ff00f9
1282,1282,1,255,0,248,"(255, 0, 248)",#ff00f8
1283,1283,1,255,0,247,"(255, 0, 247)",#ff00f7
1284,1284,1,255,0,246,"(255, 0, 246)",#ff00f6
1285,1285,1,255,0,245,"(255, 0, 245)",#ff00f5
1286,1286,1,255,0,244,"(255, 0, 244)",#ff00f4
1287,1287,1,255,0,243,"(255, 0, 243)",#ff00f3
1288,1288,1,255,0,242,"(255, 0, 242)",#ff00f2
1289,1289,1,255,0,241,"(255, 0, 241)",#ff00f1
1290,1290,1,255,0,240,"(255, 0, 240)",#ff00f0
1291,1291,1,255,0,239,"(255, 0, 239)",#ff00ef
1292,1292,1,255,0,238,"(255, 0, 238)",#ff00ee
1293,1293,1,255,0,237,"(255, 0, 237)",#ff00ed
1294,1294,1,255,0,236,"(255, 0, 236)",#ff00ec
1295,1295,1,255,0,235,"(255, 0, 235)",#ff00eb
1296,1296,1,255,0,234,"(255, 0, 234)",#ff00ea
1297,1297,1,255,0,233,"(255, 0, 233)",#ff00e9
1298,1298,1,255,0,232,"(255, 0, 232)",#ff00e8
1299,1299,1,255,0,231,"(255, 0, 231)",#ff00e7
1300,1300,1,255,0,230,"(255, 0, 230)",#ff00e6
1301,1301,1,255,0,229,"(255, 0, 229)",#ff00e5
1302,1302,1,255,0,228,"(255, 0, 228)",#ff00e4
1303,1303,1,255,0,227,"(255, 0, 227)",#ff00e3
1304,1304,1,255,0,226,"(255, 0, 226)",#ff00e2
1305,1305,1,255,0,225,"(255, 0, 225)",#ff00e1
1306,1306,1,255,0,224,"(255, 0, 224)",#ff00e0
1307,1307,1,255,0,223,"(255, 0, 223)",#ff00df
1308,1308,1,255,0,222,"(255, 0, 222)",#ff00de
1309,1309,1,255,0,221,"(255, 0, 221)",#ff00dd
1310,1310,1,255,0,220,"(255, 0, 220)",#ff00dc
1311,1311,1,255,0,219,"(255, 0, 219)",#ff00db
1312,1312,1,255,0,218,"(255, 0, 218)",#ff00da
1313,1313,1,255,0,217,"(255, 0, 217)",#ff00d9
1314,1314,1,255,0,216,"(255, 0, 216)",#ff00d8
1315,1315,1,255,0,215,"(255, 0, 215)",#ff00d7
1316,1316,1,255,0,214,"(255, 0, 214)",#ff00d6
1317,1317,1,255,0,213,"(255, 0, 213)",#ff00d5
1318,1318,1,255,0,212,"(255, 0, 212)",#ff00d4
1319,1319,1,255,0,211,"(255, 0, 211)",#ff00d3
1320,1320,1,255,0,210,"(255, 0, 210)",#ff00d2
1321,1321,1,255,0,209,"(255, 0, 209)",#ff00d1
1322,1322,1,255,0,208,"(255, 0, 208)",#ff00d0
1323,1323,1,255,0,207,"(255, 0, 207)",#ff00cf
1324,1324,1,255,0,206,"(255, 0, 206)",#ff00ce
1325,1325,1,255,0,205,"(255, 0, 205)",#ff00cd
1326,1326,1,255,0,204,"(255, 0, 204)",#ff00cc
1327,1327,1,255,0,203,"(255, 0, 203)",#ff00cb
1328,1328,1,255,0,202,"(255, 0, 202)",#ff00ca
1329,1329,1,255,0,201,"(255, 0, 201)",#ff00c9
1330,1330,1,255,0,200,"(255, 0, 200)",#ff00c8
1331,1331,1,255,0,199,"(255, 0, 199)",#ff00c7
1332,1332,1,255,0,198,"(255, 0, 198)",#ff00c6
1333,1333,1,255,0,197,"(255, 0, 197)",#ff00c5
1334,1334,1,255,0,196,"(255, 0, 196)",#ff00c4
1335,1335,1,255,0,195,"(255, 0, 195)",#ff00c3
1336,1336,1,255,0,194,"(255, 0, 194)",#ff00c2
1337,1337,1,255,0,193,"(255, 0, 193)",#ff00c1
1338,1338,1,255,0,192,"(255, 0, 192)",#ff00c0
1339,1339,1,255,0,191,"(255, 0, 191)",#ff00bf
1340,1340,1,255,0,190,"(255, 0, 190)",#ff00be
1341,1341,1,255,0,189,"(255, 0, 189)",#ff00bd
1342,1342,1,255,0,188,"(255, 0, 188)",#ff00bc
1343,1343,1,255,0,187,"(255, 0, 187)",#ff00bb
1344,1344,1,255,0,186,"(255, 0, 186)",#ff00ba
1345,1345,1,255,0,185,"(255, 0, 185)",#ff00b9
1346,1346,1,255,0,184,"(255, 0, 184)",#ff00b8
1347,1347,1,255,0,183,"(255, 0, 183)",#ff00b7
1348,1348,1,255,0,182,"(255, 0, 182)",#ff00b6
1349,1349,1,255,0,181,"(255, 0, 181)",#ff00b5
1350,1350,1,255,0,180,"(255, 0, 180)",#ff00b4
1351,1351,1,255,0,179,"(255, 0, 179)",#ff00b3
1352,1352,1,255,0,178,"(255, 0, 178)",#ff00b2
1353,1353,1,255,0,177,"(255, 0, 177)",#ff00b1
1354,1354,1,255,0,176,"(255, 0, 176)",#ff00b0
1355,1355,1,255,0,175,"(255, 0, 175)",#ff00af
1356,1356,1,255,0,174,"(255, 0, 174)",#ff00ae
1357,1357,1,255,0,173,"(255, 0, 173)",#ff00ad
1358,1358,1,255,0,172,"(255, 0, 172)",#ff00ac
1359,1359,1,255,0,171,"(255, 0, 171)",#ff00ab
1360,1360,1,255,0,170,"(255, 0, 170)",#ff00aa
1361,1361,1,255,0,169,"(255, 0, 169)",#ff00a9
1362,1362,1,255,0,168,"(255, 0, 168)",#ff00a8
1363,1363,1,255,0,167,"(255, 0, 167)",#ff00a7
1364,1364,1,255,0,166,"(255, 0, 166)",#ff00a6
1365,1365,1,255,0,165,"(255, 0, 165)",#ff00a5
1366,1366,1,255,0,164,"(255, 0, 164)",#ff00a4
1367,1367,1,255,0,163,"(255, 0, 163)",#ff00a3
1368,1368,1,255,0,162,"(255, 0, 162)",#ff00a2
1369,1369,1,255,0,161,"(255, 0, 161)",#ff00a1
1370,1370,1,255,0,160,"(255, 0, 160)",#ff00a0
1371,1371,1,255,0,159,"(255, 0, 159)",#ff009f
1372,1372,1,255,0,158,"(255, 0, 158)",#ff009e
1373,1373,1,255,0,157,"(255, 0, 157)",#ff009d
1374,1374,1,255,0,156,"(255, 0, 156)",#ff009c
1375,1375,1,255,0,155,"(255, 0, 155)",#ff009b
1376,1376,1,255,0,154,"(255, 0, 154)",#ff009a
1377,1377,1,255,0,153,"(255, 0, 153)",#ff0099
1378,1378,1,255,0,152,"(255, 0, 152)",#ff0098
1379,1379,1,255,0,151,"(255, 0, 151)",#ff0097
1380,1380,1,255,0,150,"(255, 0, 150)",#ff0096
1381,1381,1,255,0,149,"(255, 0, 149)",#ff0095
1382,1382,1,255,0,148,"(255, 0, 148)",#ff0094
1383,1383,1,255,0,147,"(255, 0, 147)",#ff0093
1384,1384,1,255,0,146,"(255, 0, 146)",#ff0092
1385,1385,1,255,0,145,"(255, 0, 145)",#ff0091
1386,1386,1,255,0,144,"(255, 0, 144)",#ff0090
1387,1387,1,255,0,143,"(255, 0, 143)",#ff008f
1388,1388,1,255,0,142,"(255, 0, 142)",#ff008e
1389,1389,1,255,0,141,"(255, 0, 141)",#ff008d
1390,1390,1,255,0,140,"(255, 0, 140)",#ff008c
1391,1391,1,255,0,139,"(255, 0, 139)",#ff008b
1392,1392,1,255,0,138,"(255, 0, 138)",#ff008a
1393,1393,1,255,0,137,"(255, 0, 137)",#ff0089
1394,1394,1,255,0,136,"(255, 0, 136)",#ff0088
1395,1395,1,255,0,135,"(255, 0, 135)",#ff0087
1396,1396,1,255,0,134,"(255, 0, 134)",#ff0086
1397,1397,1,255,0,133,"(255, 0, 133)",#ff0085
1398,1398,1,255,0,132,"(255, 0, 132)",#ff0084
1399,1399,1,255,0,131,"(255, 0, 131)",#ff0083
1400,1400,1,255,0,130,"(255, 0, 130)",#ff0082
1401,1401,1,255,0,129,"(255, 0, 129)",#ff0081
1402,1402,1,255,0,128,"(255, 0, 128)",#ff0080
1403,1403,1,255,0,127,"(255, 0, 127)",#ff007f
1404,1404,1,255,0,126,"(255, 0, 126)",#ff007e
1405,1405,1,255,0,125,"(255, 0, 125)",#ff007d
1406,1406,1,255,0,124,"(255, 0, 124)",#ff007c
1407,1407,1,255,0,123,"(255, 0, 123)",#ff007b
1408,1408,1,255,0,122,"(255, 0, 122)",#ff007a
1409,1409,1,255,0,121,"(255, 0, 121)",#ff0079
1410,1410,1,255,0,120,"(255, 0, 120)",#ff0078
1411,1411,1,255,0,119,"(255, 0, 119)",#ff0077
1412,1412,1,255,0,118,"(255, 0, 118)",#ff0076
1413,1413,1,255,0,117,"(255, 0, 117)",#ff0075
1414,1414,1,255,0,116,"(255, 0, 116)",#ff0074
1415,1415,1,255,0,115,"(255, 0, 115)",#ff0073
1416,1416,1,255,0,114,"(255, 0, 114)",#ff0072
1417,1417,1,255,0,113,"(255, 0, 113)",#ff0071
1418,1418,1,255,0,112,"(255, 0, 112)",#ff0070
1419,1419,1,255,0,111,"(255, 0, 111)",#ff006f
1420,1420,1,255,0,110,"(255, 0, 110)",#ff006e
1421,1421,1,255,0,109,"(255, 0, 109)",#ff006d
1422,1422,1,255,0,108,"(255, 0, 108)",#ff006c
1423,1423,1,255,0,107,"(255, 0, 107)",#ff006b
1424,1424,1,255,0,106,"(255, 0, 106)",#ff006a
1425,1425,1,255,0,105,"(255, 0, 105)",#ff0069
1426,1426,1,255,0,104,"(255, 0, 104)",#ff0068
1427,1427,1,255,0,103,"(255, 0, 103)",#ff0067
1428,1428,1,255,0,102,"(255, 0, 102)",#ff0066
1429,1429,1,255,0,101,"(255, 0, 101)",#ff0065
1430,1430,1,255,0,100,"(255, 0, 100)",#ff0064
1431,1431,1,255,0,99,"(255, 0, 99)",#ff0063
1432,1432,1,255,0,98,"(255, 0, 98)",#ff0062
1433,1433,1,255,0,97,"(255, 0, 97)",#ff0061
1434,1434,1,255,0,96,"(255, 0, 96)",#ff0060
1435,1435,1,255,0,95,"(255, 0, 95)",#ff005f
1436,1436,1,255,0,94,"(255, 0, 94)",#ff005e
1437,1437,1,255,0,93,"(255, 0, 93)",#ff005d
1438,1438,1,255,0,92,"(255, 0, 92)",#ff005c
1439,1439,1,255,0,91,"(255, 0, 91)",#ff005b
1440,1440,1,255,0,90,"(255, 0, 90)",#ff005a
1441,1441,1,255,0,89,"(255, 0, 89)",#ff0059
1442,1442,1,255,0,88,"(255, 0, 88)",#ff0058
1443,1443,1,255,0,87,"(255, 0, 87)",#ff0057
1444,1444,1,255,0,86,"(255, 0, 86)",#ff0056
1445,1445,1,255,0,85,"(255, 0, 85)",#ff0055
1446,1446,1,255,0,84,"(255, 0, 84)",#ff0054
1447,1447,1,255,0,83,"(255, 0, 83)",#ff0053
1448,1448,1,255,0,82,"(255, 0, 82)",#ff0052
1449,1449,1,255,0,81,"(255, 0, 81)",#ff0051
1450,1450,1,255,0,80,"(255, 0, 80)",#ff0050
1451,1451,1,255,0,79,"(255, 0, 79)",#ff004f
1452,1452,1,255,0,78,"(255, 0, 78)",#ff004e
1453,1453,1,255,0,77,"(255, 0, 77)",#ff004d
1454,1454,1,255,0,76,"(255, 0, 76)",#ff004c
1455,1455,1,255,0,75,"(255, 0, 75)",#ff004b
1456,1456,1,255,0,74,"(255, 0, 74)",#ff004a
1457,1457,1,255,0,73,"(255, 0, 73)",#ff0049
1458,1458,1,255,0,72,"(255, 0, 72)",#ff0048
1459,1459,1,255,0,71,"(255, 0, 71)",#ff0047
1460,1460,1,255,0,70,"(255, 0, 70)",#ff0046
1461,1461,1,255,0,69,"(255, 0, 69)",#ff0045
1462,1462,1,255,0,68,"(255, 0, 68)",#ff0044
1463,1463,1,255,0,67,"(255, 0, 67)",#ff0043
1464,1464,1,255,0,66,"(255, 0, 66)",#ff0042
1465,1465,1,255,0,65,"(255, 0, 65)",#ff0041
1466,1466,1,255,0,64,"(255, 0, 64)",#ff0040
1467,1467,1,255,0,63,"(255, 0, 63)",#ff003f
1468,1468,1,255,0,62,"(255, 0, 62)",#ff003e
1469,1469,1,255,0,61,"(255, 0, 61)",#ff003d
1470,1470,1,255,0,60,"(255, 0, 60)",#ff003c
1471,1471,1,255,0,59,"(255, 0, 59)",#ff003b
1472,1472,1,255,0,58,"(255, 0, 58)",#ff003a
1473,1473,1,255,0,57,"(255, 0, 57)",#ff0039
1474,1474,1,255,0,56,"(255, 0, 56)",#ff0038
1475,1475,1,255,0,55,"(255, 0, 55)",#ff0037
1476,1476,1,255,0,54,"(255, 0, 54)",#ff0036
1477,1477,1,255,0,53,"(255, 0, 53)",#ff0035
1478,1478,1,255,0,52,"(255, 0, 52)",#ff0034
1479,1479,1,255,0,51,"(255, 0, 51)",#ff0033
1480,1480,1,255,0,50,"(255, 0, 50)",#ff0032
1481,1481,1,255,0,49,"(255, 0, 49)",#ff0031
1482,1482,1,255,0,48,"(255, 0, 48)",#ff0030
1483,1483,1,255,0,47,"(255, 0, 47)",#ff002f
1484,1484,1,255,0,46,"(255, 0, 46)",#ff002e
1485,1485,1,255,0,45,"(255, 0, 45)",#ff002d
1486,1486,1,255,0,44,"(255, 0, 44)",#ff002c
1487,1487,1,255,0,43,"(255, 0, 43)",#ff002b
1488,1488,1,255,0,42,"(255, 0, 42)",#ff002a
1489,1489,1,255,0,41,"(255, 0, 41)",#ff0029
1490,1490,1,255,0,40,"(255, 0, 40)",#ff0028
1491,1491,1,255,0,39,"(255, 0, 39)",#ff0027
1492,1492,1,255,0,38,"(255, 0, 38)",#ff0026
1493,1493,1,255,0,37,"(255, 0, 37)",#ff0025
1494,1494,1,255,0,36,"(255, 0, 36)",#ff0024
1495,1495,1,255,0,35,"(255, 0, 35)",#ff0023
1496,1496,1,255,0,34,"(255, 0, 34)",#ff0022
1497,1497,1,255,0,33,"(255, 0, 33)",#ff0021
1498,1498,1,255,0,32,"(255, 0, 32)",#ff0020
1499,1499,1,255,0,31,"(255, 0, 31)",#ff001f
1500,1500,1,255,0,30,"(255, 0, 30)",#ff001e
1501,1501,1,255,0,29,"(255, 0, 29)",#ff001d
1502,1502,1,255,0,28,"(255, 0, 28)",#ff001c
1503,1503,1,255,0,27,"(255, 0, 27)",#ff001b
1504,1504,1,255,0,26,"(255, 0, 26)",#ff001a
1505,1505,1,255,0,25,"(255, 0, 25)",#ff0019
1506,1506,1,255,0,24,"(255, 0, 24)",#ff0018
1507,1507,1,255,0,23,"(255, 0, 23)",#ff0017
1508,1508,1,255,0,22,"(255, 0, 22)",#ff0016
1509,1509,1,255,0,21,"(255, 0, 21)",#ff0015
1510,1510,1,255,0,20,"(255, 0, 20)",#ff0014
1511,1511,1,255,0,19,"(255, 0, 19)",#ff0013
1512,1512,1,255,0,18,"(255, 0, 18)",#ff0012
1513,1513,1,255,0,17,"(255, 0, 17)",#ff0011
1514,1514,1,255,0,16,"(255, 0, 16)",#ff0010
1515,1515,1,255,0,15,"(255, 0, 15)",#ff000f
1516,1516,1,255,0,14,"(255, 0, 14)",#ff000e
1517,1517,1,255,0,13,"(255, 0, 13)",#ff000d
1518,1518,1,255,0,12,"(255, 0, 12)",#ff000c
1519,1519,1,255,0,11,"(255, 0, 11)",#ff000b
1520,1520,1,255,0,10,"(255, 0, 10)",#ff000a
1521,1521,1,255,0,9,"(255, 0, 9)",#ff0009
1522,1522,1,255,0,8,"(255, 0, 8)",#ff0008
1523,1523,1,255,0,7,"(255, 0, 7)",#ff0007
1524,1524,1,255,0,6,"(255, 0, 6)",#ff0006
1525,1525,1,255,0,5,"(255, 0, 5)",#ff0005
1526,1526,1,255,0,4,"(255, 0, 4)",#ff0004
1527,1527,1,255,0,3,"(255, 0, 3)",#ff0003
1528,1528,1,255,0,2,"(255, 0, 2)",#ff0002
